"id","chr","strand","gene_name","log2FoldChange","padj","group"
"FBgn0000116","chr3L","-","Argk1",0.754950847111836,0.00175566842586207,"Autosome"
"FBgn0000180","chr2L","+","bib",1.29247604150234,8.55892988274246e-11,"Autosome"
"FBgn0000276","chr3R","+","CecA1",0.574505627553205,0.00119421694317431,"Autosome"
"FBgn0000520","chrX","+","dwg",0.507393433823973,0.001378004134422,"chrX"
"FBgn0000546","chr2R","-","EcR",0.276051574375578,0.00491708422132442,"Autosome"
"FBgn0000615","chr2R","-","exu",0.646116335346495,0.000507645398091252,"Autosome"
"FBgn0000667","chrX","-","Actn",0.33797152511643,0.00432341755337519,"chrX"
"FBgn0001091","chr2R","-","Gapdh1",0.572641875267167,3.97088393214933e-06,"Autosome"
"FBgn0001123","chr2R","+","Galphas",0.489673436876251,0.000629211445552032,"Autosome"
"FBgn0001217","chr3R","+","Hsc70-2",0.714423920899046,0.00849628581790107,"Autosome"
"FBgn0001234","chr3R","+","lncRNA:Hsromega",0.275851120279694,0.00609629489822049,"Autosome"
"FBgn0001258","chr3L","-","Ldh",0.792128859923927,5.48051261694319e-07,"Autosome"
"FBgn0002069","chr2R","+","AspRS",0.336966939121776,0.0053417795505881,"Autosome"
"FBgn0002567","chr2R","-","Rab32",0.506231604183043,7.69591710470127e-05,"Autosome"
"FBgn0002592","chr3R","-","E(spl)m2-BFM",0.497478366059678,0.00330824369354799,"Autosome"
"FBgn0002732","chr3R","+","E(spl)malpha-BFM",1.33608410290578,0.000535013907376882,"Autosome"
"FBgn0002868","chr3R","-","MtnA",2.07636956486097,8.00350442810821e-41,"Autosome"
"FBgn0002891","chr2R","+","PolZ1",0.720148231613685,7.00985128823562e-09,"Autosome"
"FBgn0002922","chr3R","-","nau",1.06720483301363,4.13397972759981e-24,"Autosome"
"FBgn0003048","chrX","+","pcx",0.408768720580873,0.00114336417369943,"chrX"
"FBgn0003068","chrX","+","per",1.10330597998553,2.48978238114658e-10,"chrX"
"FBgn0003071","chr2R","+","Pfk",0.84630512820922,2.45572261638699e-11,"Autosome"
"FBgn0003074","chr2R","-","Pgi",0.634146999241761,1.23386602522458e-05,"Autosome"
"FBgn0003388","chr3L","+","shd",0.674604372012199,0.000268816874029362,"Autosome"
"FBgn0003390","chrX","-","shf",0.418449134568583,0.00203994737474355,"chrX"
"FBgn0003483","chr3R","+","spn-E",0.572099153512151,0.00081695436725427,"Autosome"
"FBgn0003607","chr2L","-","Su(var)205",0.729692968515937,4.18291487640597e-09,"Autosome"
"FBgn0003751","chr2L","-","trk",1.04055171537536,9.4700820824893e-07,"Autosome"
"FBgn0003964","chrX","-","usp",0.367479811183446,0.005925711989583,"chrX"
"FBgn0004034","chrX","+","y",0.625012101600968,0.00235392408227019,"chrX"
"FBgn0004401","chr3L","-","Pep",0.412035016906634,0.000237001354403638,"Autosome"
"FBgn0004512","chr2R","-","Mdr49",0.638131626806335,1.08937304369876e-06,"Autosome"
"FBgn0004584","chr2L","-","Rrp1",0.412285469971554,0.00579985594544926,"Autosome"
"FBgn0004646","chrX","-","ogre",0.911277852857776,2.40587134809536e-05,"chrX"
"FBgn0004865","chr3L","+","Eip78C",0.397302267066418,6.22174786050788e-05,"Autosome"
"FBgn0004907","chr2R","+","14-3-3zeta",0.31636696814978,0.00112074478356402,"Autosome"
"FBgn0004919","chr2R","-","gol",0.385771673809836,0.000134223233725434,"Autosome"
"FBgn0005612","chr2R","+","Sox14",0.416861019759627,0.00329049679866545,"Autosome"
"FBgn0005613","chr2R","-","Sox15",1.41228011208054,0.000323853640547041,"Autosome"
"FBgn0005636","chr2R","+","nvy",0.69890528139838,2.37399419639415e-17,"Autosome"
"FBgn0010105","chr3L","-","comm",0.499962808632437,0.00159828668356015,"Autosome"
"FBgn0010173","chr3R","-","RPA1",0.424771195218035,0.00158992021061209,"Autosome"
"FBgn0010348","chr3L","-","Arf1",0.72931520070675,6.76679301890626e-17,"Autosome"
"FBgn0010453","chr2L","-","Wnt4",1.71894589347732,1.22852002018695e-30,"Autosome"
"FBgn0010548","chr2R","-","Aldh-III",0.424484512018874,6.63376974405409e-06,"Autosome"
"FBgn0010660","chr2R","-","Nup214",0.311684696600321,0.00446095546655762,"Autosome"
"FBgn0011260","chr2R","+","Sema2a",1.12479402637042,0.00072156944683356,"Autosome"
"FBgn0011591","chr3L","-","fng",0.266237276705216,0.00487583007556903,"Autosome"
"FBgn0011592","chr2R","+","fra",0.427347392834037,0.000297567991894271,"Autosome"
"FBgn0011703","chr2L","-","RnrL",0.497434732614747,4.58526771867882e-05,"Autosome"
"FBgn0011704","chr2R","-","RnrS",0.541050391581858,0.000924354281951383,"Autosome"
"FBgn0011726","chr2R","-","tsr",0.407670181697262,0.0003834053227009,"Autosome"
"FBgn0011746","chr2R","+","ana",0.569252450036312,0.00220476546572715,"Autosome"
"FBgn0012037","chr2L","+","Ance",0.930317728983228,1.68248028335037e-06,"Autosome"
"FBgn0013323","chr2L","-","Ptth",1.56361170114993,0.0081535026201505,"Autosome"
"FBgn0013432","chrX","-","bcn92",0.8454660734017,0.000265912597951984,"chrX"
"FBgn0013563","chr3L","+","Pex1",0.467551116344719,0.00104474608523639,"Autosome"
"FBgn0013764","chr2R","-","Chi",0.405826575487663,0.00534942167871818,"Autosome"
"FBgn0014906","chr2L","+","Hydr2",0.474171934366602,3.25033303804781e-06,"Autosome"
"FBgn0015283","chr3L","+","Rpn10",0.440020513435204,0.000788272047748026,"Autosome"
"FBgn0015299","chr2L","+","Ssb-c31a",0.830459637220576,2.5433020391746e-05,"Autosome"
"FBgn0015766","chr3L","-","Msr-110",0.428332684589207,1.05722656811028e-05,"Autosome"
"FBgn0015799","chrX","-","Rbf",0.495747760830009,0.00294337034670389,"chrX"
"FBgn0015929","chr2R","-","dpa",0.502019674068538,0.00270057663333484,"Autosome"
"FBgn0016034","chr3L","+","mael",0.97070007172944,5.74307627690629e-10,"Autosome"
"FBgn0016715","chr3L","-","Reg-2",0.602220901774785,1.0109886235783e-10,"Autosome"
"FBgn0017558","chr2R","+","Pdk",0.37091194038738,0.000709665479357019,"Autosome"
"FBgn0019972","chr3R","+","Drice",0.419208462140942,0.000128877920947303,"Autosome"
"FBgn0020235","chr3R","-","ATPsyngamma",0.417367531392493,8.13309169948593e-05,"Autosome"
"FBgn0020660","chr3L","-","eIF4B",1.14134431501111,4.22571765343299e-08,"Autosome"
"FBgn0020764","chr2R","+","Alas",0.315857403769458,0.00118496077979277,"Autosome"
"FBgn0021760","chr3L","+","chb",0.353061653795268,0.00132333824242599,"Autosome"
"FBgn0021764","chrX","+","sdk",0.458223925527699,0.000118650215667958,"chrX"
"FBgn0021875","chr2R","+","Zfrp8",0.435373659443157,0.00233014457294325,"Autosome"
"FBgn0021895","chr2R","-","ytr",0.491206105621896,7.40374871558755e-06,"Autosome"
"FBgn0022338","chr3R","+","dnk",0.622062405999414,0.000390154176378322,"Autosome"
"FBgn0022709","chr3L","-","Ak1",0.865384913257219,1.76886300983773e-14,"Autosome"
"FBgn0022936","chr3L","+","CycH",0.766457990191189,1.95339526110122e-14,"Autosome"
"FBgn0022987","chr2R","+","qkr54B",0.471718015184061,0.000825339555450494,"Autosome"
"FBgn0023000","chr3L","-","mth",0.425719010020087,0.00869534104567384,"Autosome"
"FBgn0023023","chr3R","+","CRMP",0.619514998807885,0.00790540769632929,"Autosome"
"FBgn0023143","chr2R","-","Uba1",0.324374336672893,0.000223131015926188,"Autosome"
"FBgn0023171","chr2R","-","rnh1",0.56788814462791,0.000244328650431943,"Autosome"
"FBgn0023179","chr3R","-","amon",0.577814290881955,9.12408485710312e-05,"Autosome"
"FBgn0023441","chr2R","-","fus",1.08281090189965,0.00087982781716569,"Autosome"
"FBgn0023517","chrX","-","Pgam5",0.450139839036953,0.00402493420575808,"chrX"
"FBgn0023534","chrX","+","CG17778",0.888971344660052,0.000614545679129745,"chrX"
"FBgn0024196","chr2R","+","robl",0.585653696991123,7.39511641103312e-05,"Autosome"
"FBgn0024236","chr3L","+","foi",0.383387025375867,0.00028922137370384,"Autosome"
"FBgn0024806","chr3L","-","DIP2",0.63654076252896,1.69741817571283e-05,"Autosome"
"FBgn0024841","chr3R","+","Pcd",0.647317306987393,1.40545630598809e-12,"Autosome"
"FBgn0024912","chr3R","-","agt",0.523235521447979,0.00355172406537654,"Autosome"
"FBgn0024963","chr3R","+","GluClalpha",1.07396431143284,0.0036592298458593,"Autosome"
"FBgn0025109","chr2L","+","Bem46",0.741302942472089,0.000152886096278601,"Autosome"
"FBgn0025616","chrX","-","CG13359",0.893802823978373,0.00500180451130627,"chrX"
"FBgn0025633","chrX","-","spdi",0.399944609678653,0.00469530522946931,"chrX"
"FBgn0025641","chrX","-","DAAM",0.652011650743255,0.00876478421615408,"chrX"
"FBgn0025642","chrX","+","CG32812",1.6962380578626,2.44030888523575e-17,"chrX"
"FBgn0025676","chr3L","-","CkIIalpha-i3",0.555450739465318,0.00309647287907542,"Autosome"
"FBgn0025681","chr2L","+","CG3558",0.355179638064732,0.0041667723165812,"Autosome"
"FBgn0025726","chr4","-","unc-13",0.559064018262415,5.73391747874794e-11,"Autosome"
"FBgn0025741","chr4","-","PlexA",0.365002070822985,0.00091728839005056,"Autosome"
"FBgn0025879","chr3R","-","Timp",0.609326348477571,1.4756682602749e-06,"Autosome"
"FBgn0026179","chr3L","+","siz",0.423334510994739,3.13677485221035e-06,"Autosome"
"FBgn0026199","chr4","-","myo",0.56646929943102,2.45271261835532e-06,"Autosome"
"FBgn0026388","chr2R","+","Or46a",1.07181986049926,0.000195267984227967,"Autosome"
"FBgn0026439","chr2L","+","Eaat1",1.33294660958329,5.97833724578284e-24,"Autosome"
"FBgn0027073","chr2R","-","Ugt49B1",1.09381740947141,1.03335404183492e-07,"Autosome"
"FBgn0027090","chr3R","-","GlnRS",0.331601183434912,0.00910324434488753,"Autosome"
"FBgn0027101","chr4","-","Dyrk3",0.413085716532841,0.00442417637415604,"Autosome"
"FBgn0027335","chrX","-","Rip11",0.284616278012304,0.00953860489466031,"chrX"
"FBgn0027506","chr2R","-","EDTP",0.461442386248002,3.1199110849542e-05,"Autosome"
"FBgn0027532","chr3L","-","CG7139",0.399380485166109,0.000908161782686222,"Autosome"
"FBgn0027587","chr3L","-","Prp4k",0.353171014936457,0.00651887962007713,"Autosome"
"FBgn0027589","chr2R","-","CG1688",1.46778909230777,0.00251677795231947,"Autosome"
"FBgn0027791","chrX","-","O-fut2",0.501247314218264,0.00693977972505465,"chrX"
"FBgn0028360","chrX","+","Cdc7",0.584777366298541,2.23039847901989e-06,"chrX"
"FBgn0028500","chr3L","-","Rich",0.585376468704712,2.23612115358281e-05,"Autosome"
"FBgn0028552","chr2R","-","gammaSnap1",0.622567914275786,7.09346659619733e-05,"Autosome"
"FBgn0028663","chr3L","+","VhaM9.7-b",0.470940297641092,7.90485910451079e-06,"Autosome"
"FBgn0028675","chr2L","-","Sur",0.489880803983702,0.0041667723165812,"Autosome"
"FBgn0028687","chr2R","-","Rpt1",0.381197323996332,0.0056844471058199,"Autosome"
"FBgn0028688","chr3R","-","Rpn7",0.377781407043169,0.00914753434987117,"Autosome"
"FBgn0028833","chr3R","-","Cmpk",0.699463320086602,1.35862954439178e-11,"Autosome"
"FBgn0028903","chr2L","+","CG13243",1.87091757656934,0.00924911103575099,"Autosome"
"FBgn0028953","chr2R","+","CG14478",0.376381811079183,0.000343307527533126,"Autosome"
"FBgn0028956","chr2R","-","mthl3",0.312894741890799,0.000943367436043177,"Autosome"
"FBgn0028979","chr2L","+","tio",1.75492741103472,0.00792662894645643,"Autosome"
"FBgn0029094","chr3L","+","asf1",0.511352438682076,9.12408485710312e-05,"Autosome"
"FBgn0029131","chr2R","+","Debcl",1.29297692887753,8.23579370728324e-46,"Autosome"
"FBgn0029147","chr2R","+","NtR",1.12217921235409,2.87507479658526e-09,"Autosome"
"FBgn0029152","chr3L","-","Mkrn1",0.357937811081365,0.00846780845049598,"Autosome"
"FBgn0029524","chrX","+","CG3176",0.437221800762594,0.00505400799459832,"chrX"
"FBgn0029838","chrX","-","CG4666",1.18037680897742,4.9818306171406e-06,"chrX"
"FBgn0029879","chrX","+","APC7",0.752267018822644,0.00690038396254773,"chrX"
"FBgn0029882","chrX","-","CG3226",0.530082516940865,0.00336909191288087,"chrX"
"FBgn0029887","chrX","-","CG3198",0.458711510993078,0.00380435792622227,"chrX"
"FBgn0029891","chrX","+","Pink1",0.550910306865928,0.000164903648328211,"chrX"
"FBgn0029892","chrX","-","CG3184",0.715857921736615,0.00391458639435068,"chrX"
"FBgn0029893","chrX","-","CG14442",0.521317340288898,0.000129942345999543,"chrX"
"FBgn0029896","chrX","-","CG3168",0.808372094000065,1.73300156882095e-14,"chrX"
"FBgn0029903","chrX","+","pod1",0.398818960605351,0.00199873854608599,"chrX"
"FBgn0029911","chrX","-","CG14435",0.504611037344566,0.00781661916339364,"chrX"
"FBgn0029915","chrX","-","CG14434",0.989688729999566,1.2667411732994e-06,"chrX"
"FBgn0029925","chrX","-","CG3040",0.843180309866072,0.000179291513226419,"chrX"
"FBgn0029932","chrX","+","CG4607",0.969318200667473,0.000135191969651534,"chrX"
"FBgn0029936","chrX","-","CG4617",0.622131246434853,0.00692312416828179,"chrX"
"FBgn0029937","chrX","+","CG8300",0.56945188052185,0.00373028898945589,"chrX"
"FBgn0029939","chrX","+","Cph",0.563382716110112,0.00081695436725427,"chrX"
"FBgn0029944","chrX","+","Dok",0.349673268220865,0.00566896743211096,"chrX"
"FBgn0030085","chrX","+","CG6999",0.5230156888052,0.00443198458520316,"chrX"
"FBgn0030114","chrX","+","CG17754",0.324076927410287,0.00260820211055321,"chrX"
"FBgn0030189","chrX","+","CG2909",0.828362981320557,1.4756682602749e-06,"chrX"
"FBgn0030230","chrX","-","Rph",1.3249896059779,1.95450642145633e-14,"chrX"
"FBgn0030373","chrX","-","moon",0.940985576797688,8.84678119576291e-06,"chrX"
"FBgn0030510","chrX","-","CG12177",1.13700566891308,5.05928714396384e-23,"chrX"
"FBgn0030524","chrX","-","CG10993",1.09503569152137,8.83294221647123e-05,"chrX"
"FBgn0030600","chrX","-","hiw",0.436054431805196,0.00662728384260005,"chrX"
"FBgn0030839","chrX","+","ENGase",1.75173099301405,2.82913029017077e-10,"chrX"
"FBgn0031012","chrX","-","CG8051",0.829289802357245,1.58983749309792e-05,"chrX"
"FBgn0031048","chrX","-","CG12237",0.425097305838243,0.00933326457985752,"chrX"
"FBgn0031157","chrX","-","CG1503",2.82069785166297,1.21923996705575e-05,"chrX"
"FBgn0031245","chr2L","-","CG3625",0.503777579632001,5.16062791856922e-05,"Autosome"
"FBgn0031307","chr2L","+","MFS3",0.708727424078575,5.48307850903886e-07,"Autosome"
"FBgn0031313","chr2L","-","CG5080",0.570040386653316,0.000318723526654504,"Autosome"
"FBgn0031317","chr2L","-","Charon",0.423495906700762,0.00914753434987117,"Autosome"
"FBgn0031473","chr2L","-","CG3104",0.732034906925195,9.47899300982555e-08,"Autosome"
"FBgn0031478","chr2L","+","CG8814",0.404237664472595,0.00346637057440685,"Autosome"
"FBgn0031483","chr2L","-","CG9641",1.04447853583112,9.73652287907481e-32,"Autosome"
"FBgn0031484","chr2L","+","CG3165",0.628930264192272,1.46256450840834e-05,"Autosome"
"FBgn0031489","chr2L","-","CG17224",1.38462040170525,3.00389259090835e-19,"Autosome"
"FBgn0031490","chr2L","+","CG17264",1.44493995943777,6.26064528433634e-27,"Autosome"
"FBgn0031491","chr2L","-","alpha4GT1",0.718393119243798,2.53995676430188e-07,"Autosome"
"FBgn0031492","chr2L","+","Prp40",0.556012630240253,8.37745866767783e-05,"Autosome"
"FBgn0031493","chr2L","-","Sf3b2",0.533996822292684,0.00013392955078588,"Autosome"
"FBgn0031495","chr2L","+","GABPI",0.578123551230095,0.00965994854469923,"Autosome"
"FBgn0031496","chr2L","-","CG17258",0.908664072656029,0.000181318634685972,"Autosome"
"FBgn0031497","chr2L","-","SerRS",0.767577631229343,4.71546146181195e-09,"Autosome"
"FBgn0031498","chr2L","+","CG17260",0.779665768099824,7.88466288202422e-07,"Autosome"
"FBgn0031505","chr2L","-","ND-B14.5B",0.596404723696633,1.53733279198201e-06,"Autosome"
"FBgn0031513","chr2L","+","CG3347",6.70031053816271,0.000490375349629885,"Autosome"
"FBgn0031518","chr2L","+","CG3277",1.01071846365313,0.000931846015496548,"Autosome"
"FBgn0031620","chr2L","+","CG11929",0.602463817200291,2.57735111226158e-05,"Autosome"
"FBgn0031621","chr2L","+","Elba3",0.467146321996696,0.00932069981930717,"Autosome"
"FBgn0031939","chr2L","-","CG13796",0.352029072820101,0.00145304530381854,"Autosome"
"FBgn0031995","chr2L","-","CG8475",0.994433380097248,6.35427415820719e-15,"Autosome"
"FBgn0031996","chr2L","+","CG8460",1.01158658974066,1.47425863318125e-08,"Autosome"
"FBgn0031997","chr2L","+","PGAP5",0.780364939893253,3.57240825885985e-05,"Autosome"
"FBgn0031998","chr2L","-","SLC5A11",0.439007232114913,4.44422150393835e-07,"Autosome"
"FBgn0032000","chr2L","-","CG8372",0.823829727450845,2.1828536839832e-05,"Autosome"
"FBgn0032001","chr2L","+","CG8360",1.06832672378873,5.89460777921022e-14,"Autosome"
"FBgn0032002","chr2L","+","CG8353",0.99477225435923,4.7033526804499e-05,"Autosome"
"FBgn0032003","chr2L","+","CG8349",1.81382894503195,0.00440438538614018,"Autosome"
"FBgn0032004","chr2L","-","CG8292",0.371630456983586,0.00509862753447629,"Autosome"
"FBgn0032005","chr2L","-","Snx6",0.530590178471185,5.84313578958581e-06,"Autosome"
"FBgn0032006","chr2L","-","Pvr",0.40836530859771,1.7686780415959e-05,"Autosome"
"FBgn0032151","chr2L","-","nAChRalpha6",1.9493621494203,3.79284684698067e-34,"Autosome"
"FBgn0032167","chr2L","-","CG5853",0.437892929511124,2.5433020391746e-05,"Autosome"
"FBgn0032178","chr2L","+","Spn31A",0.812008764264678,2.12800886159059e-10,"Autosome"
"FBgn0032191","chr2L","-","Snx17",0.44399972686943,3.75029783431329e-05,"Autosome"
"FBgn0032393","chr2L","+","Nfs1",0.445555696119709,0.00414920146356501,"Autosome"
"FBgn0032681","chr2L","-","CG10283",0.630174463029049,1.83051820617179e-08,"Autosome"
"FBgn0032692","chr2L","-","IFT46",1.60662679256612,0.000130447196622217,"Autosome"
"FBgn0032706","chr2L","-","Irk3",1.90991280846535,0.00129238473740658,"Autosome"
"FBgn0032744","chr2L","-","Ttc19",1.01856871349415,7.90485910451079e-06,"Autosome"
"FBgn0032752","chr2L","-","CG10702",0.445278565908473,0.00638267830852666,"Autosome"
"FBgn0032781","chr2L","+","RtcB",0.547732823755876,0.000170595886086173,"Autosome"
"FBgn0032785","chr2L","+","CG10026",0.62724194400287,0.00875197641566185,"Autosome"
"FBgn0032895","chr2L","+","twit",1.88860179604601,3.21966657522166e-08,"Autosome"
"FBgn0032900","chr2L","+","CG14401",0.857469302059683,0.000262519500846298,"Autosome"
"FBgn0033033","chr2R","-","scaf",0.963452996083058,7.13721017252299e-21,"Autosome"
"FBgn0033062","chr2R","-","Ars2",0.437978515269207,3.53703198028821e-05,"Autosome"
"FBgn0033086","chr2R","+","CG9410",0.51557033241032,0.00844206185657752,"Autosome"
"FBgn0033128","chr2R","+","Tsp42Eg",1.27327775112219,1.30885036090608e-07,"Autosome"
"FBgn0033166","chr2R","-","Eaf",0.625780912756552,3.9746734527232e-08,"Autosome"
"FBgn0033174","chr2R","+","CG11125",0.522378926568467,0.000137365825523287,"Autosome"
"FBgn0033207","chr2R","-","CG12826",2.73694192342376,0.00208003872744069,"Autosome"
"FBgn0033212","chr2R","-","LRR",0.328361762368408,0.00347521494612305,"Autosome"
"FBgn0033226","chr2R","+","puml",0.33508947096454,0.00016894454369172,"Autosome"
"FBgn0033309","chr2R","-","Lnpk",0.437154550927676,0.00187682754164313,"Autosome"
"FBgn0033377","chr2R","-","Pgm2a",0.673009246852387,1.05934561515271e-10,"Autosome"
"FBgn0033437","chr2R","-","CG12926",1.87382259331613,1.85602073512821e-08,"Autosome"
"FBgn0033438","chr2R","-","Mmp2",0.277913346643318,0.00337422485300541,"Autosome"
"FBgn0033453","chr2R","+","Sting",0.785619458903667,3.85270384249167e-09,"Autosome"
"FBgn0033476","chr2R","-","oys",0.518684242411422,2.90641645837605e-07,"Autosome"
"FBgn0033480","chr2R","+","mRpL42",0.585836421862628,0.00123531183439543,"Autosome"
"FBgn0033490","chr2R","+","CG12917",0.756573385598463,2.41838148325446e-07,"Autosome"
"FBgn0033631","chr2R","-","Sod3",0.540027708110313,0.00759337553384587,"Autosome"
"FBgn0033639","chr2R","-","CG9003",0.351279038223355,0.00756741049411171,"Autosome"
"FBgn0033644","chr2R","+","Tret1-2",0.544170604398587,0.00494583774253989,"Autosome"
"FBgn0033654","chr2R","-","Sobp",0.446134381369818,0.000553401933199131,"Autosome"
"FBgn0033669","chr2R","-","PI31",0.71042990512555,4.28821889509441e-08,"Autosome"
"FBgn0033683","chr2R","+","CG18343",0.5037145497928,0.000903221619598694,"Autosome"
"FBgn0033692","chr2R","+","wash",0.53297623529674,0.000419208727344251,"Autosome"
"FBgn0033778","chr2R","-","Balat",1.14210495514366,0.00579985594544926,"Autosome"
"FBgn0033830","chr2R","-","CG10814",4.04022228695706,0.000120714846729937,"Autosome"
"FBgn0033900","chr2R","-","CysRS-m",0.700888096324026,0.00064585195926183,"Autosome"
"FBgn0033945","chr2R","-","CG12868",0.569058268954046,0.00103965689176713,"Autosome"
"FBgn0034067","chr2R","+","CG8399",0.445445240421655,0.000585377089726766,"Autosome"
"FBgn0034139","chr2R","+","CG4927",1.74575163151737,0.0031125666712073,"Autosome"
"FBgn0034184","chr2R","+","CG9646",0.35622650136486,0.00356149894827192,"Autosome"
"FBgn0034223","chr2R","-","Tes",0.403368850657212,0.00850081140954233,"Autosome"
"FBgn0034225","chr2R","+","veil",0.954631262176715,0.00284758234168971,"Autosome"
"FBgn0034246","chr2R","-","Dcr-2",0.527883672584651,1.42524648040852e-05,"Autosome"
"FBgn0034271","chr2R","+","Vps50",0.384454949756135,0.00165892455456475,"Autosome"
"FBgn0034272","chr2R","+","Ir54a",0.808583219425283,0.00472383289503177,"Autosome"
"FBgn0034312","chr2R","+","CG10916",0.497336846200501,1.1893872289667e-05,"Autosome"
"FBgn0034403","chr2R","-","CG18190",0.896845852218648,0.00260511825264174,"Autosome"
"FBgn0034618","chr2R","+","CG9485",0.817567084600319,1.6056768160131e-07,"Autosome"
"FBgn0034636","chr2R","-","twz",0.587940464402207,0.00262860203676458,"Autosome"
"FBgn0034706","chr2R","+","CG11275",1.02934679720104,4.24662512417694e-12,"Autosome"
"FBgn0034728","chr2R","+","rad50",0.449408372720587,0.00131502451584774,"Autosome"
"FBgn0034756","chr2R","-","Cyp6d2",1.84907438270575,9.51725381542635e-08,"Autosome"
"FBgn0034793","chr2R","+","asrij",0.491383607640508,0.00291525857358835,"Autosome"
"FBgn0034796","chr2R","+","CG3700",1.1183615493257,1.06029149379371e-14,"Autosome"
"FBgn0034797","chr2R","+","nahoda",0.625027009618572,1.33228574600053e-06,"Autosome"
"FBgn0034804","chr2R","-","GrlHz",0.614920595304951,2.48075646829499e-05,"Autosome"
"FBgn0034808","chr2R","-","CG9896",0.459260398739773,0.000887523398753324,"Autosome"
"FBgn0034909","chr2R","-","pippin",0.640752761646335,0.000475412623261033,"Autosome"
"FBgn0034935","chr2R","-","Orcokinin",1.4881935156191,0.000242065895402699,"Autosome"
"FBgn0034962","chr2R","+","MAN1",0.49426537350336,0.0011942650148282,"Autosome"
"FBgn0034964","chr2R","+","IntS1",0.455146431488383,0.000286125492800982,"Autosome"
"FBgn0034970","chr2R","-","yki",0.541138062615296,0.000654308690871854,"Autosome"
"FBgn0034971","chr2R","+","Gpat4",0.497891444138809,0.000503910269489849,"Autosome"
"FBgn0034975","chr2R","+","enok",0.414880164946184,0.000492553759787728,"Autosome"
"FBgn0034988","chr2R","+","cN-IIIB",1.04742413039079,1.80503304122425e-07,"Autosome"
"FBgn0034989","chr2R","+","CG3356",0.423997961244614,0.00245541390492712,"Autosome"
"FBgn0034999","chr2R","+","Fatp3",0.269895381644564,0.00581630724098526,"Autosome"
"FBgn0035035","chr2R","+","Samtor",0.491127274076458,7.40597748920127e-05,"Autosome"
"FBgn0035113","chr3L","-","pyx",1.25029651460601,0.00353403243276049,"Autosome"
"FBgn0035132","chr3L","-","mthl10",0.542104974082561,0.00152818242881895,"Autosome"
"FBgn0035144","chr3L","-","Kah",0.590265902128848,1.18975970373628e-07,"Autosome"
"FBgn0035148","chr3L","-","CG3402",0.361867251187264,0.00334529447995893,"Autosome"
"FBgn0035157","chr3L","-","CG13894",0.535548260656841,0.00208918354686636,"Autosome"
"FBgn0035169","chr3L","+","Dci",0.575836357143893,0.00353325306312663,"Autosome"
"FBgn0035216","chr3L","+","CG9168",0.943901328921375,3.66426998350434e-06,"Autosome"
"FBgn0035217","chr3L","+","FucTD",1.50122637453951,0.000531463066787547,"Autosome"
"FBgn0035424","chr3L","+","Larp4B",0.332916002479057,0.00133384218792551,"Autosome"
"FBgn0035425","chr3L","-","CG17746",0.444960469197352,0.00200613167743164,"Autosome"
"FBgn0035426","chr3L","-","CG12078",5.00115842071294,4.28505213418766e-30,"Autosome"
"FBgn0035452","chr3L","+","CG10359",1.78186356735821,2.05907932067783e-27,"Autosome"
"FBgn0035539","chr3L","+","slow",0.552005189355575,0.000539154647261393,"Autosome"
"FBgn0035543","chr3L","+","CG15020",2.22455678026301,0.00139844126182912,"Autosome"
"FBgn0035571","chr3L","-","CG12493",1.8748808895115,0.0049635340712789,"Autosome"
"FBgn0035578","chr3L","-","CG13707",2.2325122036873,1.51151426804347e-59,"Autosome"
"FBgn0035608","chr3L","-","blanks",3.71252085731008,1.24570546788926e-222,"Autosome"
"FBgn0035623","chr3L","+","mthl2",1.0448073628193,0.00315245533051541,"Autosome"
"FBgn0035699","chr3L","-","CG13300",0.827436604047197,0.000158282871797082,"Autosome"
"FBgn0035710","chr3L","-","SP1173",0.485739965476133,0.00715518327600968,"Autosome"
"FBgn0035806","chr3L","+","PGRP-SD",0.927692539818694,0.00663580308221836,"Autosome"
"FBgn0035923","chr3L","+","CG6511",0.600061444260166,0.000475412623261033,"Autosome"
"FBgn0035964","chr3L","+","Dhpr",0.389646899412551,0.000223621919809618,"Autosome"
"FBgn0035968","chr3L","-","Slc45-1",0.810551591973937,9.47870951204602e-07,"Autosome"
"FBgn0035996","chr3L","-","CG3448",0.899468634391457,0.000351434057554721,"Autosome"
"FBgn0036126","chr3L","-","Irbp18",0.710368568559856,0.000539808583414555,"Autosome"
"FBgn0036196","chr3L","-","CG11658",0.390057553871074,0.000286125492800982,"Autosome"
"FBgn0036271","chr3L","-","Pbgs",0.699427066995711,5.12958376031806e-09,"Autosome"
"FBgn0036290","chr3L","-","CG10638",0.514076879841948,0.00077325319618865,"Autosome"
"FBgn0036323","chr3L","+","CG14118",1.34739252867085,2.19959765315415e-07,"Autosome"
"FBgn0036324","chr3L","-","CG12520",0.696218422247428,0.00226357434574928,"Autosome"
"FBgn0036487","chr3L","+","Prp31",0.544477957285693,0.000656709273138159,"Autosome"
"FBgn0036575","chr3L","-","CG5157",1.570151060193,1.48939640531652e-05,"Autosome"
"FBgn0036620","chr3L","+","CG4842",1.54615046601436,4.16830385258907e-05,"Autosome"
"FBgn0036697","chr3L","+","rogdi",0.565961324235058,3.81688020822784e-07,"Autosome"
"FBgn0036698","chr3L","+","CG7724",1.72047926055903,0.00142214704020924,"Autosome"
"FBgn0036746","chr3L","-","Crtc",0.456365841441863,0.00517460826238103,"Autosome"
"FBgn0036806","chr3L","-","Cyp12c1",1.26180731384476,0.00508048905856922,"Autosome"
"FBgn0036814","chr3L","-","CG14073",0.416146092110733,0.00582972694753854,"Autosome"
"FBgn0036815","chr3L","+","HipHop",0.570938369848522,0.000863680789271356,"Autosome"
"FBgn0036848","chr3L","-","Naxd",0.427916445971525,0.00235365462424423,"Autosome"
"FBgn0036891","chr3L","+","CG9372",0.382253988557572,0.00765092695915358,"Autosome"
"FBgn0036934","chr3L","-","sNPF-R",0.511661144071556,0.00124616996018748,"Autosome"
"FBgn0036997","chr3L","+","Tdh",1.71054956848451,0.00985772681041792,"Autosome"
"FBgn0037046","chr3L","-","CG10581",1.77196338655737,8.30249467797212e-09,"Autosome"
"FBgn0037063","chr3L","-","CG9391",0.604952659810044,2.48150891831238e-05,"Autosome"
"FBgn0037071","chr3L","+","CG7632",0.914401431436632,4.63467743052133e-11,"Autosome"
"FBgn0037076","chr3L","-","ebd2",0.639651876978798,0.000107810313659607,"Autosome"
"FBgn0037081","chr3L","-","barc",0.601985481784263,0.000448814145068215,"Autosome"
"FBgn0037082","chr3L","-","CG5664",0.704350402632975,5.05650126306981e-07,"Autosome"
"FBgn0037094","chr3L","+","CG7611",0.404795338663162,0.000647912033159476,"Autosome"
"FBgn0037098","chr3L","-","Wnk",0.649709743496871,8.36039265554183e-09,"Autosome"
"FBgn0037108","chr3L","+","Alg11",0.506456574238668,0.000730502407840466,"Autosome"
"FBgn0037109","chr3L","-","MED1",0.333412180510284,0.00909346117922034,"Autosome"
"FBgn0037110","chr3L","+","ORMDL",0.577586112497441,0.00341836686356775,"Autosome"
"FBgn0037116","chr3L","-","Als2",0.446717187263607,0.00260387684965028,"Autosome"
"FBgn0037120","chr3L","-","CG11247",0.7530804601348,1.7407473063774e-05,"Autosome"
"FBgn0037134","chr3L","+","CG7407",0.552953291303603,0.0030245011224301,"Autosome"
"FBgn0037135","chr3L","+","eIF2A",0.401502422734379,0.0022094192296456,"Autosome"
"FBgn0037138","chr3L","-","P5CDh1",0.662928183343423,1.00697527784864e-07,"Autosome"
"FBgn0037141","chr3L","-","PolH",0.580034189755023,1.97978268390644e-05,"Autosome"
"FBgn0037142","chr3L","+","CG14562",0.550600163347867,0.000516866649681792,"Autosome"
"FBgn0037149","chr3L","+","CG14561",0.658418425216302,0.00259162688454969,"Autosome"
"FBgn0037150","chr3L","-","CG7133",0.672493703686482,9.31564369872523e-07,"Autosome"
"FBgn0037151","chr3L","-","CG7130",0.936259385934504,1.07132331745492e-13,"Autosome"
"FBgn0037156","chr3L","-","CG11523",0.646636335501908,4.50916742456813e-05,"Autosome"
"FBgn0037185","chr3L","+","CG11367",0.313188132970747,0.00749879138148466,"Autosome"
"FBgn0037188","chr3L","+","CG7369",0.339775059893248,0.00854287745754005,"Autosome"
"FBgn0037199","chr3L","-","EMC4",0.607844997815622,8.12195850757285e-06,"Autosome"
"FBgn0037200","chr3L","+","Nsun6",0.714784746748431,6.8986982883492e-06,"Autosome"
"FBgn0037202","chr3L","+","Ssl1",0.746372951660396,3.17327390889017e-07,"Autosome"
"FBgn0037290","chr3R","+","Jhbp1",0.703370764567806,0.00168726915908407,"Autosome"
"FBgn0037298","chr3R","-","CG2604",1.11135777340485,0.000204254479493656,"Autosome"
"FBgn0037341","chr3R","+","CG12746",0.444667509227237,0.00141077196645254,"Autosome"
"FBgn0037531","chr3R","-","CG10445",0.546709818438663,0.00658677955723849,"Autosome"
"FBgn0037562","chr3R","+","Nazo",1.87974028137245,0.00191408020443751,"Autosome"
"FBgn0037676","chr3R","-","CG8861",2.14218500105194,6.21828538995193e-05,"Autosome"
"FBgn0037717","chr3R","+","CG8301",0.586975319149172,0.00989507948162874,"Autosome"
"FBgn0037754","chr3R","+","CG8500",3.30269924425367,5.05840123982064e-53,"Autosome"
"FBgn0038299","chr3R","-","Spn88Eb",1.04907641727441,4.17509451743298e-09,"Autosome"
"FBgn0038330","chr3R","-","CG14868",1.5565494298409,1.14919414620838e-05,"Autosome"
"FBgn0038419","chr3R","-","CG14879",0.452534793036782,3.7360785649953e-06,"Autosome"
"FBgn0038603","chr3R","-","PKD",0.652922074517965,0.0043292397615474,"Autosome"
"FBgn0038679","chr3R","+","CG6040",0.582454579441793,0.00372237550457652,"Autosome"
"FBgn0038890","chr3R","+","sp3",0.316878466503997,0.00749737171402348,"Autosome"
"FBgn0038912","chr3R","+","CG6656",0.388343176927218,0.0071516935761559,"Autosome"
"FBgn0038966","chr3R","-","pinta",0.495405699437728,0.000238192700342733,"Autosome"
"FBgn0038975","chr3R","+","Nrx-1",2.03479136243464,1.75672647902585e-43,"Autosome"
"FBgn0039003","chr3R","-","wfs1",0.521107590283529,0.000492441658300888,"Autosome"
"FBgn0039108","chr3R","-","CG10232",0.431618966920219,0.00326396323755199,"Autosome"
"FBgn0039111","chr3R","+","PTPMT1",0.471655863081018,0.00320712362291502,"Autosome"
"FBgn0039114","chr3R","+","Lsd-1",1.56346474649048,2.57564920643285e-09,"Autosome"
"FBgn0039118","chr3R","-","CG10208",0.54952756275506,0.000203592783862098,"Autosome"
"FBgn0039156","chr3R","+","CG6178",0.672111644805889,4.81085492323853e-09,"Autosome"
"FBgn0039178","chr3R","+","CG6356",0.429994465120769,0.000119361823526245,"Autosome"
"FBgn0039223","chr3R","-","CG5805",0.462313240512771,0.000517305227938393,"Autosome"
"FBgn0039226","chr3R","-","Ude",0.527076707191558,0.00146394981281043,"Autosome"
"FBgn0039265","chr3R","+","CG11790",0.48592584909683,5.38992342044126e-05,"Autosome"
"FBgn0039296","chr3R","-","Sil1",0.467835305555746,0.00385858776759485,"Autosome"
"FBgn0039341","chr3R","+","CG5112",0.432064843645197,0.00288211473924287,"Autosome"
"FBgn0039464","chr3R","-","CG6330",0.58877908915024,4.03823731811065e-10,"Autosome"
"FBgn0039525","chr3R","-","CG5646",1.1196514437634,5.78031687010699e-07,"Autosome"
"FBgn0039543","chr3R","-","CROT",0.651252338669759,3.68823370292946e-05,"Autosome"
"FBgn0039544","chr3R","+","CG12877",0.531921768289551,0.00324164585123931,"Autosome"
"FBgn0039640","chr3R","+","superdeath",1.30664895494929,9.55099834892261e-27,"Autosome"
"FBgn0039682","chr3R","-","Obp99c",0.938488225575501,0.00034470013175353,"Autosome"
"FBgn0039687","chr3R","-","Naa40",0.480237424737728,0.00905321073412844,"Autosome"
"FBgn0039690","chr3R","+","Gnpnat",0.469291331776784,0.00404559656519585,"Autosome"
"FBgn0039691","chr3R","+","IntS11",0.381827182351165,0.00878404811666,"Autosome"
"FBgn0039705","chr3R","-","Atg16",0.441013429186322,0.0025621525527973,"Autosome"
"FBgn0039742","chr3R","-","CG15528",1.18165762925746,0.000116376419566244,"Autosome"
"FBgn0039747","chr3R","-","AdoR",2.26276669550876,0.000123612700546909,"Autosome"
"FBgn0039881","chr3R","+","CG1971",0.989919376960458,4.76964893551281e-05,"Autosome"
"FBgn0039883","chr3R","+","RhoGAP100F",1.47816568831345,1.89348673914946e-05,"Autosome"
"FBgn0039914","chr4","-","mav",0.751412331328703,2.62135064412502e-05,"Autosome"
"FBgn0039938","chr4","-","Sox102F",1.12377644476373,2.42872537260365e-12,"Autosome"
"FBgn0040005","chr2R","+","CG17883",0.49816944019083,0.00557258269773048,"Autosome"
"FBgn0040348","chrX","-","CG3703",1.40225793829521,0.000446191093248083,"chrX"
"FBgn0040398","chrX","+","CG14629",0.298901930617467,0.0043292397615474,"chrX"
"FBgn0040602","chr3R","-","CG14545",1.19939919398228,0.00717133525487268,"Autosome"
"FBgn0040773","chr2R","+","COX7C",0.614588029059807,3.96977764450776e-05,"Autosome"
"FBgn0041186","chr3R","-","Slbp",0.525006028037448,2.6286203943177e-06,"Autosome"
"FBgn0041582","chr2R","-","tamo",0.433208249730608,7.50915372015138e-05,"Autosome"
"FBgn0041626","chrX","-","Or19a",1.14786260683141,0.000147604078791746,"chrX"
"FBgn0041627","chr2L","-","Ku80",0.548011475924929,0.000119610263164429,"Autosome"
"FBgn0042712","chr3L","-","HBS1",0.476990587366492,0.00154834171067241,"Autosome"
"FBgn0044324","chr3L","-","Chro",0.427281389328191,0.000139038122113197,"Autosome"
"FBgn0045823","chr3L","+","vsg",0.427996637334435,1.9019374347354e-06,"Autosome"
"FBgn0046114","chr3R","-","Gclm",0.349803941004008,0.00114072194858952,"Autosome"
"FBgn0046301","chr3L","-","CG7148",0.484904105943084,0.00802202020627147,"Autosome"
"FBgn0046776","chr2L","+","CR14033",1.37500182350989,0.0071516935761559,"Autosome"
"FBgn0050377","chr2R","+","CG30377",1.34094437692743,1.56454046677835e-07,"Autosome"
"FBgn0050460","chr2R","-","CG30460",0.536073956747096,0.000202337001796041,"Autosome"
"FBgn0050484","chr2R","+","CG30484",0.832168151893176,0.00405643925384425,"Autosome"
"FBgn0051051","chr3R","-","CG31051",0.90297628565895,0.000733894061515495,"Autosome"
"FBgn0051116","chr3R","-","ClC-a",0.446558136450904,0.000238192700342733,"Autosome"
"FBgn0051140","chr3R","+","CG31140",1.18066355665794,8.12195850757285e-06,"Autosome"
"FBgn0051163","chr3R","+","SKIP",0.278362455423875,0.00894343514267856,"Autosome"
"FBgn0051371","chr3R","-","CG31371",1.90937234817156,7.53530755306381e-08,"Autosome"
"FBgn0051451","chr3R","+","lncRNA:mimi",2.24734753171313,6.35248963892496e-08,"Autosome"
"FBgn0051514","chr3R","-","asRNA:CR31514",1.98495288794775,3.91459954429828e-17,"Autosome"
"FBgn0051549","chr3R","+","CG31549",0.759570583385733,1.03412522665193e-05,"Autosome"
"FBgn0051614","chr2L","+","His-Psi:CR31614",0.360017641390247,0.00622001073703272,"Autosome"
"FBgn0051617","chr2L","+","His1:CG31617",0.429241493152064,0.00177707308398099,"Autosome"
"FBgn0051642","chr2L","+","CG31642",1.00232655138529,1.43628737898403e-05,"Autosome"
"FBgn0051658","chr2L","+","Nnf1b",1.10846951891639,1.83310355300924e-06,"Autosome"
"FBgn0051694","chr2L","-","Ifrd1",0.383025045563653,0.000248105803502955,"Autosome"
"FBgn0051864","chr2L","+","Qtzl",0.432967272651954,0.0029637151471503,"Autosome"
"FBgn0051869","chr2L","-","CG31869",1.23522657336876,0.00638267830852666,"Autosome"
"FBgn0051953","chr2L","+","CR31953",1.02823574739561,0.000563808351300966,"Autosome"
"FBgn0052190","chr3L","-","NUCB1",0.570339281996581,4.58376986607491e-05,"Autosome"
"FBgn0052365","chr3L","+","CG32365",0.614795978597598,0.00712478848692373,"Autosome"
"FBgn0052368","chr3L","+","lncRNA:CR32368",0.916190871303212,2.97082882098685e-16,"Autosome"
"FBgn0052440","chr3L","+","CG32440",7.8206877477196,2.1484903621927e-06,"Autosome"
"FBgn0052442","chr3L","-","Arv1",0.604844679723631,0.00475467573990275,"Autosome"
"FBgn0052446","chr3L","+","Atox1",1.14544518420077,1.00655292256005e-08,"Autosome"
"FBgn0052448","chr3L","-","CG32448",0.863968986794778,0.000467389649313019,"Autosome"
"FBgn0052476","chr3L","+","mthl14",1.48358957899953,2.15348426968311e-05,"Autosome"
"FBgn0052582","chrX","+","lncRNA:CR32582",1.28944235334991,0.00132131031105457,"chrX"
"FBgn0052636","chrX","+","lncRNA:CR32636",0.918024177972436,1.70519581558376e-09,"chrX"
"FBgn0052647","chrX","-","CG32647",0.857674826105814,5.04889113257787e-18,"chrX"
"FBgn0052706","chrX","+","CG32706",0.526895332044093,0.00445250371899272,"chrX"
"FBgn0052732","chrX","-","Setd3",0.593298330034614,0.00259342820538373,"chrX"
"FBgn0052755","chrX","+","CG32755",1.00775249316277,0.000448814145068215,"chrX"
"FBgn0053056","chr3L","-","Targ2",0.936134959381485,3.43378860922463e-07,"Autosome"
"FBgn0053169","chr3L","+","CG33169",0.832827329020995,0.000506013217870887,"Autosome"
"FBgn0053170","chr3L","+","CG33170",0.854623474676557,1.55602016447002e-13,"Autosome"
"FBgn0053196","chr2L","-","dpy",0.341701985929139,0.000831771626108218,"Autosome"
"FBgn0053508","chr2L","-","ppk13",1.41685876947684,0.00533030960289663,"Autosome"
"FBgn0053801","chr2L","+","His1:CG33801",0.411291735176553,0.000585118666188629,"Autosome"
"FBgn0053804","chr2L","+","His1:CG33804",0.404548096064234,0.000872449471987502,"Autosome"
"FBgn0053807","chr2L","+","His1:CG33807",0.426818292286833,0.000647087202004204,"Autosome"
"FBgn0053810","chr2L","+","His1:CG33810",0.423642820271303,0.000584806381346775,"Autosome"
"FBgn0053813","chr2L","+","His1:CG33813",0.401352583849779,0.000516866649681792,"Autosome"
"FBgn0053816","chr2L","+","His1:CG33816",0.391476019688009,0.00295457968903649,"Autosome"
"FBgn0053819","chr2L","+","His1:CG33819",0.396733696655747,0.00177391387487459,"Autosome"
"FBgn0053825","chr2L","+","His1:CG33825",0.410354750195993,0.00119848578675487,"Autosome"
"FBgn0053828","chr2L","+","His1:CG33828",0.44871670468186,0.000887995907726114,"Autosome"
"FBgn0053831","chr2L","+","His1:CG33831",0.438276127824849,0.000393464182436009,"Autosome"
"FBgn0053834","chr2L","+","His1:CG33834",0.4396925771581,0.000339371254982283,"Autosome"
"FBgn0053837","chr2L","+","His1:CG33837",0.44420742156105,0.00028922137370384,"Autosome"
"FBgn0053840","chr2L","+","His1:CG33840",0.43859297582305,0.000656407934580123,"Autosome"
"FBgn0053843","chr2L","+","His1:CG33843",0.40097290912333,0.00079934573820497,"Autosome"
"FBgn0053846","chr2L","+","His1:CG33846",0.444688959866365,0.000563808351300966,"Autosome"
"FBgn0053849","chr2L","+","His1:CG33849",0.422200040544605,0.000644175215070497,"Autosome"
"FBgn0053852","chr2L","+","His1:CG33852",0.412262546320063,0.00129793996901931,"Autosome"
"FBgn0053855","chr2L","+","His1:CG33855",0.437941907726683,0.000704948517755628,"Autosome"
"FBgn0053858","chr2L","+","His1:CG33858",0.393492366922548,0.00131377150809845,"Autosome"
"FBgn0053861","chr2L","+","His1:CG33861",0.419979360196875,0.000246821854987541,"Autosome"
"FBgn0053864","chr2L","+","His1:CG33864",0.445922955652578,0.000219031938351404,"Autosome"
"FBgn0053926","chr3L","+","Srg3",1.57998043411674,3.10007016825639e-26,"Autosome"
"FBgn0061515","chr3L","-","endos",0.403741618508714,0.00749737171402348,"Autosome"
"FBgn0062413","chrX","+","Ctr1A",0.485342077917547,0.00010069025252855,"chrX"
"FBgn0062565","chrX","+","Or19b",1.15703040737246,0.000109015614965594,"chrX"
"FBgn0082582","chr3R","+","tmod",0.298351184903721,0.00262860203676458,"Autosome"
"FBgn0083970","chr2L","-","CG34134",1.11487382615367,0.00781661916339364,"Autosome"
"FBgn0085223","chr2R","+","CG34194",1.81004266734784,0.0047361657729726,"Autosome"
"FBgn0085249","chr2R","-","CG34220",0.938610007224672,1.00837652809512e-11,"Autosome"
"FBgn0085261","chr2R","-","CG34232",0.336474033407028,0.00256251076421006,"Autosome"
"FBgn0085421","chr2R","-","Epac",1.01019499510911,9.4827219946312e-11,"Autosome"
"FBgn0085423","chr2L","-","GramD1B",0.401167717758167,0.000228868253522687,"Autosome"
"FBgn0085424","chr2L","+","nub",0.49439282507435,0.00224703047495007,"Autosome"
"FBgn0085521","chrX","+","CG40813",1.18439915718503,0.00144090128991796,"chrX"
"FBgn0085693","chrX","+","CG41562",1.29462569510384,0.00177217176550428,"chrX"
"FBgn0086129","chr2R","+","snama",0.488621041643649,4.46698962871742e-05,"Autosome"
"FBgn0086661","chr3L","-","snoRNA:Psi28S-2566",1.10819289662524,3.91346716913699e-12,"Autosome"
"FBgn0086708","chr3L","+","stv",0.620395379539833,3.24572863790518e-08,"Autosome"
"FBgn0086906","chr3L","-","sls",1.17161552608749,6.08177043291502e-06,"Autosome"
"FBgn0243513","chr2L","-","cnir",0.748937527542223,0.000744188889941501,"Autosome"
"FBgn0250786","chr2L","-","Chd1",0.413905769564668,1.49222691047065e-05,"Autosome"
"FBgn0259152","chr3R","+","Clbn",0.482895080147614,0.00633628976589519,"Autosome"
"FBgn0259228","chrX","-","C3G",0.333531003841668,0.00279647595667377,"chrX"
"FBgn0259233","chr3R","+","CG42331",0.966683110860299,0.00016148809995324,"Autosome"
"FBgn0259711","chr2R","+","CG42365",0.439104492278304,0.000752505972787849,"Autosome"
"FBgn0259785","chr3L","+","pzg",0.319094839090449,0.0098563750992619,"Autosome"
"FBgn0259834","chrX","-","out",0.367129114829744,0.000573775662717106,"chrX"
"FBgn0259978","chr2R","+","vlc",0.486800000961232,0.000147270273182967,"Autosome"
"FBgn0260400","chrX","-","elav",0.614592739689157,8.39233223462954e-05,"chrX"
"FBgn0260479","chr2L","-","CG31904",0.355803295469586,0.00124616996018748,"Autosome"
"FBgn0260660","chr3L","+","Mp",0.421573977929906,0.00485047560112769,"Autosome"
"FBgn0260755","chr3L","+","CG42553",0.472736976178449,0.0068353895624439,"Autosome"
"FBgn0260817","chr2L","+","gkt",1.02389456938086,2.58784915000006e-11,"Autosome"
"FBgn0260985","chr3L","-","RfC4",0.397232579956864,0.00620404895771333,"Autosome"
"FBgn0260990","chr3R","+","yata",0.33188930595821,0.00144043438341211,"Autosome"
"FBgn0261041","chr2R","+","stj",0.983941947002662,1.41565502806488e-10,"Autosome"
"FBgn0261243","chr3L","+","Psa",0.497389057223056,8.91818856642165e-05,"Autosome"
"FBgn0261258","chr3L","+","rgn",0.252365840079888,0.0071516935761559,"Autosome"
"FBgn0261262","chr3R","+","CG42613",0.740407421697725,0.0053417795505881,"Autosome"
"FBgn0261446","chrX","-","CG13377",0.883017009058955,8.50661279196637e-05,"chrX"
"FBgn0261530","chr3L","-","nbs",0.587565023172358,0.00507330846411989,"Autosome"
"FBgn0261563","chr2L","+","wb",0.283656851803069,0.00867156239661681,"Autosome"
"FBgn0261564","chr2R","+","ReepA",0.392310727937557,0.00354387441380976,"Autosome"
"FBgn0261673","chr2R","-","nemy",0.676042495238488,6.15081272040412e-14,"Autosome"
"FBgn0261953","chr3L","+","TfAP-2",1.3574163710719,0.000220836450238481,"Autosome"
"FBgn0262112","chr3R","+","sro",0.645981309331635,3.65851690852968e-05,"Autosome"
"FBgn0262169","chr2R","+","magu",0.725165522433882,1.89562537345798e-08,"Autosome"
"FBgn0262352","chr2L","+","CG43050",3.95094364456008,2.91679702051411e-06,"Autosome"
"FBgn0262570","chr2R","-","CG43110",1.38149345982525,2.03419601953638e-09,"Autosome"
"FBgn0262732","chr3L","+","mbf1",0.448929083459691,0.000123220692669702,"Autosome"
"FBgn0262867","chr2R","-","Ptr",1.21656391542142,0.00254301615150779,"Autosome"
"FBgn0262970","chr2R","-","CR43281",0.650370615942172,0.00181278497815772,"Autosome"
"FBgn0263029","chr2R","+","CG43324",1.70852165969112,0.00870662803462543,"Autosome"
"FBgn0263219","chr3L","+","Dscam4",0.598211139434309,0.000146648808113151,"Autosome"
"FBgn0263220","chrX","-","Hk",0.916160046076268,6.74131447630057e-07,"chrX"
"FBgn0263260","chr2R","-","sel",0.526087021356053,7.12443304523327e-05,"Autosome"
"FBgn0263499","chr3R","-","lncRNA:CR43488",0.840825898713194,5.56128690489488e-06,"Autosome"
"FBgn0263606","chr3L","+","Hsc20",0.724577110708179,0.00724780508006241,"Autosome"
"FBgn0263619","chr3R","+","asRNA:ASTR",1.6667855786291,1.30136290387678e-08,"Autosome"
"FBgn0263782","chr3R","+","Hmgcr",0.381934479855344,0.00201851983930785,"Autosome"
"FBgn0263847","chr2L","+","snRNA:LU",0.359229578540402,0.0018858264294772,"Autosome"
"FBgn0263968","chrX","+","nonC",0.520605490074037,0.000168815304537497,"chrX"
"FBgn0263993","chrX","+","CG43736",0.305301241891922,0.00143106446339344,"chrX"
"FBgn0264270","chrX","-","Sxl",0.404143010842392,0.000140789265392903,"chrX"
"FBgn0264310","chr3L","-","lncRNA:CR43785",1.70848080164945,8.67259865672841e-25,"Autosome"
"FBgn0264384","chrX","-","lncRNA:CR43836",3.61950017936451,0.00801313514279279,"chrX"
"FBgn0264449","chrX","-","CG43867",0.578169462461079,0.00373931178154028,"chrX"
"FBgn0264561","chr3L","-","Glg1",0.430775529367775,0.00105903594710836,"Autosome"
"FBgn0264816","chr3R","+","koko",0.620668361678083,0.00227468272091879,"Autosome"
"FBgn0264894","chr2L","+","CG44085",0.51111853290518,2.54154480399247e-06,"Autosome"
"FBgn0264950","chr2L","+","asRNA:CR44119",0.818172782026224,0.0094549504567406,"Autosome"
"FBgn0264956","chr2R","+","lncRNA:CR44125",1.18412178442706,0.000584836468506575,"Autosome"
"FBgn0264958","chr2R","-","lncRNA:CR44127",1.87090800740574,3.19249475242471e-13,"Autosome"
"FBgn0265053","chr2R","-","asRNA:CR44168",0.932661869505183,0.00802568927697176,"Autosome"
"FBgn0265180","chr2R","+","CG44245",2.76074940407051,3.23653030031116e-12,"Autosome"
"FBgn0265191","chr2R","+","Gyg",2.35222380841832,4.00730949494638e-13,"Autosome"
"FBgn0265301","chr2R","+","lncRNA:CR44274",2.67785512360828,3.56766060924455e-16,"Autosome"
"FBgn0265362","chrX","-","CG44303",0.903410979971689,0.000968292300481416,"chrX"
"FBgn0265497","chr2R","+","lncRNA:CR44366",1.49721767648196,6.6765235110339e-17,"Autosome"
"FBgn0265575","chrX","-","yin",0.541268855851426,1.28270911729631e-07,"chrX"
"FBgn0265726","chrX","+","Nna1",0.436730234166176,0.00466175320944122,"chrX"
"FBgn0265767","chrX","+","zyd",1.68558099415922,9.78392518358086e-07,"chrX"
"FBgn0265991","chr2R","-","Zasp52",0.470673045576128,5.71268954641595e-07,"Autosome"
"FBgn0265993","chr2L","+","lncRNA:CR44768",0.304940357090657,0.00165355902936774,"Autosome"
"FBgn0266028","chr2L","-","asRNA:CR44793",0.673475654968503,0.00164019045155092,"Autosome"
"FBgn0266083","chr2R","+","ocm",0.59059462906493,2.52899957215116e-09,"Autosome"
"FBgn0266084","chr3L","+","Fhos",0.496585790884383,8.22465498620637e-09,"Autosome"
"FBgn0266124","chr3L","+","ghi",0.466624137728215,0.00160956484732812,"Autosome"
"FBgn0266417","chr3L","-","ringer",0.776297376271915,9.45761188107564e-08,"Autosome"
"FBgn0266687","chr3L","-","lncRNA:CR45177",1.51009783497523,0.00442804468665638,"Autosome"
"FBgn0266802","chr2R","+","asRNA:CR45264",0.810197034761995,0.00165549725027604,"Autosome"
"FBgn0266951","chr3L","+","lncRNA:CR45402",2.25252569703509,1.59805794970211e-05,"Autosome"
"FBgn0266973","chr3L","+","lncRNA:CR45424",2.61453474058684,0.00020676957574914,"Autosome"
"FBgn0267027","chr2R","+","lncRNA:CR45471",0.44845126095981,0.00163872555657808,"Autosome"
"FBgn0267270","chr2L","-","lncRNA:CR45706",5.9794747177375,0.00118496077979277,"Autosome"
"FBgn0267281","chr2L","+","lncRNA:CR45717",1.52844949358952,4.88696351503258e-08,"Autosome"
"FBgn0267365","chr2L","-","l(2)SH0834",0.353000232057642,0.00452055792597783,"Autosome"
"FBgn0267733","chr2R","+","lncRNA:CR46064",0.328316780598599,0.00434067707102355,"Autosome"
"FBgn0267986","chr2L","+","lncRNA:CR46253",0.676970881047287,0.00114221976773084,"Autosome"
"FBgn0283427","chr2L","+","FASN1",0.364240889947697,0.000106738769076065,"Autosome"
"FBgn0283545","chrX","+","vilya",2.62097993619036,8.23579370728324e-46,"chrX"
"FBgn0283666","chr2R","+","Rap2l",0.494006675437606,0.000873534918392832,"Autosome"
"FBgn0284252","chr2R","-","Letm1",0.687919188491869,7.18194096704684e-10,"Autosome"
"FBgn0284408","chrX","-","trol",0.370876749393735,0.00098103962487169,"chrX"
"FBgn0286030","chr3R","+","lncRNA:CR46350",0.582811425003909,0.000339371254982283,"Autosome"
"FBgn0286071","chr3R","-","AdamTS-A",0.472098496287667,4.64456725964004e-05,"Autosome"
"FBgn0286511","chr2R","+","Pld",0.288728674743645,0.00561552882363645,"Autosome"
"FBgn0286723","chr2L","+","hll",0.832376050649696,0.000859940647522328,"Autosome"
"FBgn0286736","chr3R","-","snoRNA:Or-ACA9",3.3814155080302,0.00546133449641186,"Autosome"
"FBgn0287182","chr3L","-","l(3)80Fj",0.66465904801962,2.17339825667091e-06,"Autosome"
"FBgn0287423","chr3L","+","Nplp2",0.451360730604156,3.29638867684358e-06,"Autosome"
"FBgn0287616","chr2R","+","asRNA:CR46485",1.00476920748779,0.000135092641120646,"Autosome"
"FBgn0287725","chrX","+","sov",0.424391984142756,4.76964893551281e-05,"chrX"
"FBgn0287831","chr2R","+","speck",0.849288317340071,0.000458633959162674,"Autosome"
"FBgn0288700","chrX","+","stg1",1.62934787212796,0.000554180791285894,"chrX"
"FBgn0288730","chrX","+","CG46505",1.23350316529136,0.00579400942069043,"chrX"
"FBgn0288733","chrX","+","CG46508",1.28174678719903,0.00187680392318926,"chrX"
"FBgn0288736","chrX","+","CG46511",1.05507912616859,0.00776764752766909,"chrX"
"FBgn0288737","chrX","+","CG46512",1.2844089225268,0.00175566842586207,"chrX"
"FBgn0288738","chrX","+","CG46513",1.05653039996675,0.00495215551845771,"chrX"
"FBgn0288739","chrX","+","CG46514",1.16262991409743,0.00118106750995419,"chrX"
"FBgn0288742","chrX","+","CG46517",1.14490238248661,0.0041667723165812,"chrX"
"FBgn0288743","chrX","+","CG46518",1.02341403992901,0.0071516935761559,"chrX"
"FBgn0288744","chrX","+","CG46519",1.18984831857745,0.00349569884622413,"chrX"
"FBgn0288745","chrX","+","CG46520",1.34147711921204,0.000736076629578595,"chrX"
"FBgn0289108","chr3R","-","Archease",0.415207155123141,0.00129405993927332,"Autosome"
