"","id","chr","strand","gene_name","baseMean","log2FoldChange","lfcSE","stat","pvalue","padj"
"1","FBgn0000003","chr3R","+","7SLRNA:CR32864",6674.85734973118,1.13681852494958,0.144859165521474,7.84775006025457,4.23567281778197e-15,1.07737363600869e-12
"2","FBgn0000042","chrX","+","Act5C",4971.33599202057,-0.700844424443342,0.167911825225827,-4.17388366483877,2.99450707258426e-05,0.0011031144502213
"3","FBgn0000253","chr2R","+","Cam",4574.41291084376,-0.542424833362204,0.151491953353263,-3.58055211089217,0.000342868951505218,0.00803260747572422
"4","FBgn0000276","chr3R","+","CecA1",69.4469989026934,5.30306858998503,1.16944964799327,4.53467030332163,5.76935347212801e-06,0.000256808346428098
"5","FBgn0000279","chr3R","+","CecC",23.3508980193645,8.68384686028141,1.63123218250377,5.32348917181894,1.01795515289011e-07,7.44850335501712e-06
"6","FBgn0000370","chr2L","+","crc",797.673496195691,-0.916049203371009,0.181000583123158,-5.06102901750159,4.16999738227569e-07,2.7163464655397e-05
"7","FBgn0000477","chr3R","+","DNaseII",200.178453007215,1.16670852238788,0.276168113590351,4.22463153772523,2.39332030589658e-05,0.00089711722203134
"8","FBgn0000504","chr3R","-","dsx",457.184176646149,1.01577411816225,0.203684688427236,4.9869930135918,6.13262820697687e-07,3.74370669343622e-05
"9","FBgn0000592","chr3L","+","Est-6",689.508385103307,0.765118267676519,0.199986711456582,3.8258455379553,0.000130323990389129,0.00366381891928176
"10","FBgn0000667","chrX","-","Actn",717.230423265988,0.658486250581199,0.186011885227075,3.54002245489502,0.000400092988729316,0.00921162370386915
"11","FBgn0001114","chr2L","+","Glt",2496.55152091425,0.832474151347607,0.199381118904868,4.17529079945032,2.97605638505049e-05,0.00110011108517282
"12","FBgn0001125","chr2L","-","Got2",1710.38738400305,-1.08646987424473,0.248455081369448,-4.37290261183739,1.22605426144592e-05,0.000499921285306366
"13","FBgn0001142","chr2L","+","Gs1",1120.32263098698,-0.964579816796998,0.176420398553443,-5.46750729907687,4.56408420005789e-08,3.75062396224757e-06
"14","FBgn0001217","chr3R","+","Hsc70-2",76.8876519118861,-3.56094860660739,0.551767788413554,-6.45370875463001,1.09145477333664e-10,1.47595080298169e-08
"15","FBgn0001220","chr2R","-","Hsc70-5",1530.7884883487,-0.715720038984557,0.181019843142445,-3.95382089918924,7.69129909790665e-05,0.00231453938768836
"16","FBgn0001224","chr3L","+","Hsp23",784.372546073979,-4.4790982128742,0.609026517250101,-7.35452083941826,1.91613212056077e-13,4.17755907019402e-11
"17","FBgn0001225","chr3L","-","Hsp26",2437.58503334472,-3.8831102533899,0.546036087779529,-7.11145351066572,1.14827141247868e-12,2.1905327677696e-10
"18","FBgn0001226","chr3L","+","Hsp27",684.679446279473,-3.81365333259017,0.264794656973023,-14.4023046997459,5.00463871080539e-47,1.06929110695068e-43
"19","FBgn0001230","chr3R","-","Hsp68",5792.06289319082,-3.79577761811876,0.231253546903745,-16.4139217276468,1.5205821163392e-60,5.4147929162839e-57
"20","FBgn0001256","chr3L","+","ImpL1",26.3867640582249,-3.22789115110242,0.852828004986373,-3.78492630662849,0.000153754132731666,0.00413741914350726
"21","FBgn0001257","chr3L","-","ImpL2",139.265746369171,-1.46729015441766,0.391804974340195,-3.7449502954591,0.000180429493243081,0.00465586540172907
"22","FBgn0001259","chr3L","+","in",29.5006680837672,2.8964491033575,0.637890009919933,4.54067168056301,5.60752959399205e-06,0.000250649534111369
"23","FBgn0001296","chr3R","-","kar",331.714460425916,-0.999198089292562,0.233284809539177,-4.28316824943014,1.84250737494079e-05,0.000713170517626538
"24","FBgn0001992","chr2L","+","Cyp303a1",347.486197248967,-4.86371257077612,0.346789479942813,-14.0249714944588,1.09656193543093e-44,1.95242852603477e-41
"25","FBgn0002562","chrX","+","Lsp1alpha",77.4146421539034,10.4350649916801,1.99412025590854,5.23291660107316,1.66856035566944e-07,1.18047882646468e-05
"26","FBgn0002563","chr2L","+","Lsp1beta",2811.63999868526,9.44684928946278,0.920596902005857,10.2616566152671,1.04891612626994e-24,7.0034818605886e-22
"27","FBgn0002565","chr3L","+","Lsp2",33.0965521788465,9.19940759892626,1.55264214106854,5.92500187621803,3.12293824397151e-09,2.97878118395961e-07
"28","FBgn0002622","chr3R","+","RpS3",3263.61501959621,-0.578938092082715,0.155342093433718,-3.72685908426836,0.000193880782251277,0.0049081241630104
"29","FBgn0002645","chr3R","-","Map205",806.777952962967,-0.722733414900297,0.178803645104042,-4.04205078973505,5.29857518826775e-05,0.00172575240049587
"30","FBgn0002939","chr2L","+","ninaD",38.57516400805,2.49403107111163,0.585674792518933,4.25838896085153,2.0590545307167e-05,0.000788418621922814
"31","FBgn0002948","chrX","+","nod",76.055943853369,1.41504706282058,0.389524453620547,3.63275540127974,0.000280410801972155,0.0067774402657659
"32","FBgn0003071","chr2R","+","Pfk",1039.56722987488,0.593380351970298,0.16621617373925,3.56993148513427,0.000357074608722695,0.00834710731944104
"33","FBgn0003074","chr2R","-","Pgi",2598.1915885533,-0.712354847352131,0.195031943822955,-3.65250344835197,0.000259696107738257,0.00633358422789056
"34","FBgn0003082","chr2R","+","phr",38.6998064912725,3.03681584971088,0.626943259068558,4.84384480698085,1.27350417194636e-06,7.16044477310683e-05
"35","FBgn0003137","chr3R","-","Ppn",1974.29447021331,-0.950364836870553,0.165665811085506,-5.73663829998112,9.657419448152e-09,8.52646379872792e-07
"36","FBgn0003149","chr3L","-","Prm",865.557827671759,0.694034664623497,0.18558814804135,3.73964971334733,0.000184276868391362,0.00474221939796066
"37","FBgn0003162","chr2R","+","Pu",698.103851208228,1.11752528927493,0.184028933504287,6.07255211446895,1.25893222586782e-09,1.37236458866795e-07
"38","FBgn0003189","chrX","+","r",315.147612712526,1.63742362753749,0.284207800859748,5.76136060510717,8.34385578984864e-09,7.4905387733574e-07
"39","FBgn0003231","chr2L","+","ref(2)P",1926.11289719171,-1.43488330542422,0.224782443060191,-6.38343140100135,1.7316318544963e-10,2.31237788769799e-08
"40","FBgn0003248","chr3R","+","Rh2",341.215514245702,-2.82094542470808,0.274198238859912,-10.2879779112998,7.98352949549932e-25,5.68586970669461e-22
"41","FBgn0003274","chr2R","+","RpLP2",1944.65049971868,-0.844493797553539,0.170999614654136,-4.93857134860574,7.86969851063573e-07,4.72314546006301e-05
"42","FBgn0003366","chrX","-","sev",1006.17701085857,0.833434462909155,0.169126924295546,4.92786388909163,8.31334958631513e-07,4.96153707433545e-05
"43","FBgn0003943","chr3L","-","Ubi-p63E",2683.50668128106,-0.812393143680333,0.221392841055086,-3.66946437747821,0.000243059203223311,0.00598295269132403
"44","FBgn0004045","chrX","+","Yp1",46843.0206821216,3.16373949166102,0.162147674407862,19.5114700424444,8.77228847401259e-85,4.68571788839382e-81
"45","FBgn0004047","chrX","+","Yp3",99780.3494033618,2.70550448088396,0.196171944915226,13.7914954253684,2.86753387198952e-43,4.376266336352e-40
"46","FBgn0004057","chrX","+","Zw",232.808934528427,1.79754210832604,0.268936722960153,6.68388492482811,2.32689551338552e-11,3.82434227223038e-09
"47","FBgn0004240","chr2R","+","DptA",646.677337345431,7.50496050286725,0.841540709686856,8.91811936900819,4.74273064227142e-19,1.80952112326377e-16
"48","FBgn0004403","chrX","+","RpS14a",1069.97258793717,-0.699649705166196,0.18451659202628,-3.79179832817715,0.00014956034635959,0.0040552111171561
"49","FBgn0004507","chr2L","+","Glyp",2658.69482270272,0.579907113195261,0.153316244958908,3.78242444791606,0.000155308240594847,0.00416873852832853
"50","FBgn0004512","chr2R","-","Mdr49",311.915941593424,1.13663026284278,0.283027479806141,4.01597139479642,5.9201436689188e-05,0.00188790730791222
"51","FBgn0004647","chrX","+","N",500.054179971607,0.718837424830988,0.196370486918393,3.66061843666823,0.000251607216510649,0.00616495388528271
"52","FBgn0004795","chr2R","+","retn",740.802124134922,0.891836314714176,0.226695242057041,3.93407601598349,8.35173507455782e-05,0.00247656120588326
"53","FBgn0004919","chr2R","-","gol",1261.54590802609,-0.686138247170333,0.191116716332464,-3.59015297215936,0.00033048395423672,0.00781097363520106
"54","FBgn0005391","chrX","-","Yp2",73266.5415820902,4.17929559627036,0.211020408420635,19.8051725307043,2.68641000096436e-87,2.86989180403022e-83
"55","FBgn0005533","chr3L","-","RpS17",2379.2739134708,-0.590294768819317,0.163087651093773,-3.61949396450567,0.000295179695377523,0.00710226280567134
"56","FBgn0005612","chr2R","+","Sox14",352.275420696104,0.988216162619879,0.215207777479246,4.59191658496253,4.39193918395241e-06,0.000202237440957602
"57","FBgn0005614","chr2R","+","trpl",12919.1744108634,0.894155613697978,0.140983720181942,6.34226145078351,2.26416637319277e-10,2.87953444819267e-08
"58","FBgn0005670","chrX","-","Cyp4d1",38.8061735658838,2.5445460704053,0.551456043168179,4.61423190828881,3.94551688099202e-06,0.00018428632698283
"59","FBgn0010019","chrX","-","Cyp4g1",761.665321453944,6.5726616523045,0.8736392842001,7.52331284910384,5.34054263597969e-14,1.2402829778298e-11
"60","FBgn0010078","chr2R","+","RpL23",1601.32703484689,-0.79058016429397,0.163885543362501,-4.82397744226453,1.40723339904432e-06,7.64508030475247e-05
"61","FBgn0010113","chr3R","+","heca",1619.71841470015,-0.779190064572119,0.170243514790304,-4.57691481247835,4.71883503079857e-06,0.000214516232485196
"62","FBgn0010198","chrX","-","RpS15Aa",1421.53167036106,-0.755668665846214,0.185814891353207,-4.06678205574921,4.76667836987944e-05,0.00160638564748965
"63","FBgn0010217","chr4","+","ATPsynbeta",3544.96755411709,-0.680175036224765,0.149020881645886,-4.56429346486518,5.01179317938869e-06,0.000226868587014446
"64","FBgn0010265","chr2L","-","RpS13",1846.25274257073,-0.600104357438048,0.162779716788071,-3.6866040147947,0.000227266575302263,0.00562011301841222
"65","FBgn0010300","chr2L","+","brat",1555.49033154756,-0.930376645111002,0.185614325263627,-5.01241832379905,5.37501928644928e-07,3.37772535512574e-05
"66","FBgn0010383","chrX","-","Cyp18a1",221.148608842534,1.16699264144442,0.252925504860804,4.61397770891737,3.95034811186634e-06,0.00018428632698283
"67","FBgn0010385","chr2R","-","Def",71.3607102319965,2.19327165691712,0.49696351901994,4.41334539251989,1.0178541424772e-05,0.000429791929015173
"68","FBgn0010388","chr2R","+","Dro",1482.15622056391,5.04742125433327,1.03480172258274,4.87766993829072,1.07346353486101e-06,6.19881672590279e-05
"69","FBgn0010516","chr2R","-","wal",796.206827596018,-0.862024209786532,0.19648973785946,-4.38712076863321,1.1486102014481e-05,0.000475604758994964
"70","FBgn0011280","chrX","+","Obp19d",1828.81791695087,1.30662620951236,0.18205684383307,7.17702329669312,7.12455513185306e-13,1.4094744902516e-10
"71","FBgn0011701","chr3R","+","repo",348.977883166699,1.01384049386252,0.257193999051796,3.94192904033636,8.08288922626463e-05,0.00242554791022992
"72","FBgn0012042","chr2R","+","AttA",512.384904074491,4.82569224120367,0.883362867093373,5.46286517236363,4.6851044178334e-08,3.8206847706652e-06
"73","FBgn0013275","chr3R","-","Hsp70Aa",624.374046566321,-3.4659682882368,0.57852606927087,-5.99103216317468,2.08513393162013e-09,2.10146092372621e-07
"74","FBgn0013276","chr3R","+","Hsp70Ab",1596.79857708815,-3.59713824360342,0.794057895225635,-4.53007049641044,5.89640084601788e-06,0.00026137448231539
"75","FBgn0013277","chr3R","-","Hsp70Ba",521.110558568711,-2.89190157088626,0.730382276413165,-3.95943557815792,7.51271059999762e-05,0.002273605873648
"76","FBgn0013278","chr3R","+","Hsp70Bb",883.757626331731,-3.99873511860135,0.635319149621483,-6.29405727968969,3.09273615581552e-10,3.88702357089143e-08
"77","FBgn0013279","chr3R","+","Hsp70Bc",682.582401309469,-3.40093221461094,0.679453726584343,-5.00539195171928,5.57484769107642e-07,3.4828127417409e-05
"78","FBgn0013672","chrmitochondrion_genome","+","mt:ATPase6",1792.59636006097,-1.45476102422651,0.183810275422459,-7.91447061859286,2.48307350606638e-15,6.63166856632679e-13
"79","FBgn0013674","chrmitochondrion_genome","+","mt:CoI",15467.9072618505,-1.19139439074531,0.155351625875712,-7.66901784277735,1.73318328672634e-14,4.11457712268832e-12
"80","FBgn0013675","chrmitochondrion_genome","+","mt:CoII",2430.6024151112,-0.93489292356585,0.188218858305871,-4.96705235586208,6.79782401023793e-07,4.1262019262143e-05
"81","FBgn0013676","chrmitochondrion_genome","+","mt:CoIII",5524.55462203107,-0.952127274580646,0.166687815077887,-5.71203884420556,1.11630598504887e-08,9.69552588477815e-07
"82","FBgn0013678","chrmitochondrion_genome","+","mt:Cyt-b",4983.49901004074,-1.11571358569672,0.157369598691643,-7.0897657169661,1.34339228642719e-12,2.51779996419328e-10
"83","FBgn0013679","chrmitochondrion_genome","-","mt:ND1",633.581635774379,-1.39603207068535,0.198746072340738,-7.02419954388803,2.15296933765556e-12,3.89833414138548e-10
"84","FBgn0013684","chrmitochondrion_genome","-","mt:ND5",1199.8547514997,-1.01005232717654,0.20105206503556,-5.02383463207847,5.06498533201997e-07,3.24746678420226e-05
"85","FBgn0013763","chr2R","+","Idgf6",2361.17598534053,0.923542663466943,0.206647550141351,4.46916821823061,7.85243584370231e-06,0.000341006390724682
"86","FBgn0013813","chr3R","+","Dhc98D",71.2409954480205,1.92453297157541,0.428140895749798,4.49509259844238,6.95396788725599e-06,0.000305717032673069
"87","FBgn0013972","chr3R","+","Gycalpha99B",590.057347949292,0.688121507567655,0.193923767865045,3.54841242588959,0.000387560852211741,0.00902028885441836
"88","FBgn0014417","chr2L","-","Naglu",104.33589118757,1.63176402379016,0.39121234404015,4.17104431557173,3.03206883756774e-05,0.00111311310624523
"89","FBgn0015039","chr2R","-","Cyp9b2",448.90924266528,1.16382363059092,0.249242373635788,4.66944530183134,3.02014096462035e-06,0.000148000761124033
"90","FBgn0015245","chrX","+","Hsp60A",2088.75663777338,-0.865337558293455,0.158543704381484,-5.4580379692107,4.81424723910378e-08,3.86696265077787e-06
"91","FBgn0015600","chr2L","-","toc",2297.7350171977,-0.617649311573515,0.161765401058956,-3.81817933581738,0.00013444018479785,0.00374993340521
"92","FBgn0015622","chr3R","-","Cnx99A",1431.27811302213,-0.768754445659615,0.165959240819153,-4.63218825215844,3.61820919910889e-06,0.000172126697105848
"93","FBgn0015756","chr2L","-","RpL9",2101.40645220703,-0.61911855025292,0.165597767665564,-3.73868898705973,0.000184982406127836,0.00474221939796066
"94","FBgn0017545","chr4","-","RpS3A",1959.48817726921,-0.791998337414043,0.180830287086358,-4.37978808846227,1.18794775597484e-05,0.000489994049308079
"95","FBgn0017558","chr2R","+","Pdk",1233.27922713103,-1.01590985744415,0.220579553242339,-4.60563929208806,4.11200628033718e-06,0.000190993752577574
"96","FBgn0017561","chrX","-","Ork1",255.299047841805,2.17263636775745,0.333568836124642,6.51330739705438,7.3513849915278e-11,1.06128170087151e-08
"97","FBgn0019830","chr2L","-","colt",422.112192498074,-1.10684759696964,0.247364115041998,-4.47456817566976,7.65658942513007e-06,0.000335226823068297
"98","FBgn0019936","chr3R","+","RpS20",2053.43769966324,-0.78578792246289,0.157547707005111,-4.98761890858495,6.11279968016878e-07,3.74370669343622e-05
"99","FBgn0019952","chr3R","+","Orct",164.826136067612,1.41728591205974,0.294269632121663,4.81628329040007,1.46256843201202e-06,7.81971957042e-05
"100","FBgn0020236","chr2R","-","Acly",1817.37964040231,1.0324482651493,0.185960920918392,5.55196360638794,2.82478412707657e-08,2.39501339917135e-06
"101","FBgn0022160","chr2R","-","Gpo1",667.92620436154,1.14119287727641,0.188095566380325,6.06709078388876,1.30247941994064e-09,1.40549370133595e-07
"102","FBgn0022355","chrX","+","Tsf1",13924.0709255426,3.73204110268323,0.799889024104975,4.66569860345209,3.07570257026195e-06,0.000149353320718675
"103","FBgn0022774","chr3L","-","Oat",192.022813189576,1.42349463149967,0.373898289607497,3.80717074954796,0.000140565696681286,0.00390042425362645
"104","FBgn0023170","chr2R","-","RpL39",458.814898691686,-0.960363776010264,0.20977192429045,-4.57813303309619,4.69144308307657e-06,0.000214182420754303
"105","FBgn0023526","chrX","-","CG2865",352.78231117744,-0.917478958461111,0.241531017574686,-3.79859683312686,0.000145517576246799,0.00399630916978035
"106","FBgn0024250","chrX","+","brk",131.960145009541,1.13363599054595,0.321404329191138,3.52713354359262,0.000420084825807658,0.00963039955816139
"107","FBgn0024315","chr2R","-","Picot",328.923598841884,1.00359162709641,0.267152139992024,3.75662956368747,0.000172217127993781,0.00446552324844069
"108","FBgn0025620","chrX","-","CG13360",168.727405792347,1.40192330547761,0.342379172463729,4.09465124700634,4.22804334403664e-05,0.00144307306850937
"109","FBgn0025885","chr2R","-","Inos",1538.80316634998,0.723530806310912,0.156497054506223,4.62328705542595,3.77706461258114e-06,0.000177754983507508
"110","FBgn0026169","chr2R","+","snoRNA:Psi18S-1820",906.025557695484,-2.24274939153661,0.245363787581006,-9.14050689242873,6.21602806234997e-20,2.65623311160339e-17
"111","FBgn0026268","chrX","-","Antdh",185.492445988541,1.3466614374579,0.290461540442826,4.63628140030116,3.5473296689285e-06,0.000169937770641987
"112","FBgn0026415","chrX","-","Idgf4",2739.17651261331,1.06880947337589,0.204408470781961,5.22879247267579,1.7062075370361e-07,1.19917204724715e-05
"113","FBgn0026418","chr3L","+","Hsp110",1603.70667199978,-0.922687535354578,0.220875040648857,-4.17741874611106,2.94835935674267e-05,0.00109746770063003
"114","FBgn0026576","chr3R","+","Pisd",565.106299063301,0.984895593384173,0.203309887995939,4.84430739248573,1.27054100410745e-06,7.16044477310683e-05
"115","FBgn0027550","chr2L","+","CG6495",591.929058488315,1.23928175405136,0.22052539775834,5.61967812618757,1.91313543597382e-08,1.63504206900066e-06
"116","FBgn0027556","chrX","+","CG4928",647.702377992436,1.10398969359704,0.187441626240361,5.88977867798356,3.86713170823109e-09,3.65597947248078e-07
"117","FBgn0027584","chr3R","+","CG4757",216.974610792497,3.88059125749217,0.931418749426253,4.16632289169891,3.09552176006731e-05,0.00112865047654604
"118","FBgn0027654","chr3R","-","jdp",612.92981600553,-0.81229389750939,0.201025702960055,-4.04074645952511,5.32813374995722e-05,0.00173010494987213
"119","FBgn0027794","chrX","-","Lrpprc2",347.93583292525,1.0552612971503,0.235969239017382,4.47202907270709,7.74808905030147e-06,0.000337848307446411
"120","FBgn0027836","chr2R","-","Dgp-1",484.051820595887,-1.44043172037202,0.22251833697225,-6.47331694084902,9.58745515343095e-11,1.3301660182351e-08
"121","FBgn0027843","chr3L","+","CAH2",275.267411754775,0.966769521153232,0.242181337017184,3.99192412206657,6.55393452510326e-05,0.00203533960847901
"122","FBgn0028375","chr2L","-","heix",181.475039951195,-1.12641076765738,0.298214297007207,-3.7771856646771,0.000158610494555169,0.00421501470978326
"123","FBgn0028468","chr3R","+","rtet",27.6912618570389,2.95422419562586,0.682663243849976,4.32749854667008,1.50812340126728e-05,0.000594512261835364
"124","FBgn0028479","chr2L","-","Mtpalpha",1213.92704861678,-0.899125170859952,0.190134065354089,-4.72890099512416,2.25738420802473e-06,0.000115385815762336
"125","FBgn0028482","chr2L","+","bdl",1000.052146473,0.98345613927601,0.167453045470524,5.87302629529736,4.27910566424498e-09,3.87404117043467e-07
"126","FBgn0028526","chr2L","-","CG15293",1205.01452142402,0.708689867029045,0.190564210925899,3.71890326932699,0.000200089651621202,0.005041409783654
"127","FBgn0028543","chr2L","-","NimB2",761.174533361778,0.98011161511029,0.258246364787504,3.7952581284804,0.000147489922670297,0.0040307446494067
"128","FBgn0028583","chrX","-","lcs",135.752938439501,8.79664536266336,1.06676541354137,8.24609164395471,1.63659175945247e-16,5.29809386855476e-14
"129","FBgn0028899","chr2L","-","CG31817",89.2835891000514,-1.44918470675019,0.382595168412531,-3.78777576508132,0.00015200193593252,0.00411097894067624
"130","FBgn0029092","chr2R","-","ced-6",1234.03070686728,-0.609056911226202,0.163572693718588,-3.72346323448111,0.000196508488500559,0.00496288459255667
"131","FBgn0029114","chr3L","+","Tollo",195.268597175081,1.02343798251854,0.263960834387817,3.87723423019221,0.000105650635596591,0.00304222571449698
"132","FBgn0029172","chr3L","+","Fad2",71.0424893806402,10.3107334963235,1.93150288631517,5.33819212457604,9.38779520521666e-08,7.01327385855451e-06
"133","FBgn0029766","chrX","+","CG15784",1226.95783603865,2.59173959994163,0.223606946234087,11.5906041542574,4.59877250838463e-31,4.46624424609755e-28
"134","FBgn0029831","chrX","+","CG5966",2949.00369985977,-1.77051450050099,0.236564318987803,-7.48428380102526,7.19383512939809e-14,1.63514341888e-11
"135","FBgn0029882","chrX","-","CG3226",158.57321963546,-1.49165203120188,0.360110607077229,-4.14220520553005,3.43982357435253e-05,0.00123314212230899
"136","FBgn0030013","chrX","+","GIIIspla2",882.445732083519,-2.1741889291641,0.228941346783778,-9.49670716848497,2.16632177652728e-21,1.00620937124526e-18
"137","FBgn0030040","chrX","-","CG15347",40.668947991582,4.72542388698308,0.795270954866014,5.9419042756053,2.81729929185027e-09,2.73610984862149e-07
"138","FBgn0030041","chrX","-","CG12116",908.203486468309,1.17897331739937,0.19062152728527,6.18489073185846,6.21455008477927e-10,7.376670950633e-08
"139","FBgn0030136","chrX","+","RpS28b",1441.12933096845,-0.777501050301824,0.165567702749046,-4.69597051473435,2.65343818235593e-06,0.000133710755198624
"140","FBgn0030218","chrX","-","CG1628",119.700584143846,1.30377412047191,0.338271546510969,3.85422343061194,0.000116097537764137,0.00329859041471881
"141","FBgn0030310","chrX","+","PGRP-SA",106.393498710682,1.65531332531093,0.466895041616564,3.54536497020747,0.000392069808608783,0.00906999486486722
"142","FBgn0030317","chrX","-","pkm",2750.88263390473,0.551467904251843,0.152990313396671,3.60459359817119,0.000312641764087775,0.00748868153755539
"143","FBgn0030349","chrX","-","CG10353",1186.92093151578,1.16692499599985,0.177094742019464,6.58926957792792,4.41995615637461e-11,6.84324516210869e-09
"144","FBgn0030362","chrX","+","regucalcin",298.246998568725,1.17993018146317,0.267952787532341,4.40350030439879,1.06518134404374e-05,0.000446248325428208
"145","FBgn0030482","chrX","+","Bcat",892.317084781552,-1.09048719712637,0.251921259650592,-4.32868269489779,1.50003869098479e-05,0.000593515308732981
"146","FBgn0030575","chrX","+","CG5321",199.620446837017,-1.27639599511845,0.293191763109656,-4.35345107100115,1.34011015963804e-05,0.00053821040734636
"147","FBgn0030616","chrX","-","RpL37-1",3345.79105847557,-0.669038513919142,0.152823564230173,-4.3778491706389,1.19856246473685e-05,0.000492470877337839
"148","FBgn0030617","chrX","-","CG9095",27.9029068729516,3.28783870814029,0.721326566964799,4.55804466203827,5.16320595357751e-06,0.00023273641013531
"149","FBgn0030679","chrX","+","CG8206",361.098419559444,-1.18530491894498,0.22391776577385,-5.29348314479923,1.20008307700442e-07,8.66249156191772e-06
"150","FBgn0030773","chrX","-","CG9676",2697.68299221097,1.37422635131522,0.157270401014854,8.73798465857177,2.37305720391659e-18,8.45045670314699e-16
"151","FBgn0030826","chrX","-","CG12995",13.1923562457998,7.89578639895807,1.68735711819581,4.67938073915292,2.87742672436487e-06,0.000142974649750651
"152","FBgn0030895","chrX","+","CG7135",102.809788556473,1.52964996964995,0.390835510149777,3.91379475489255,9.08568716311391e-05,0.00265924372502866
"153","FBgn0030993","chrX","+","Mec2",76.5689918181303,2.03382951635185,0.567166939108477,3.58594511793794,0.000335859593734378,0.00790305735652942
"154","FBgn0031042","chrX","-","CG14221",64.6078046074573,-1.94604756177395,0.479882681802485,-4.05525691084416,5.00792297813009e-05,0.00166665548832909
"155","FBgn0031069","chrX","+","Abcd3",803.685650173414,1.05369610408116,0.25066189724757,4.20365486598254,2.62639310268941e-05,0.000981040472588495
"156","FBgn0031107","chrX","+","HERC2",5312.2652596215,0.708101087556586,0.14537669596741,4.87080190428405,1.11146230978295e-06,6.38373755667273e-05
"157","FBgn0031306","chr2L","+","CG4577",1836.35704976768,-0.762118803564988,0.154872626654692,-4.92093935530795,8.61298181126689e-07,5.08356269004222e-05
"158","FBgn0031418","chr2L","-","CG3609",210.950564100502,1.1075976882686,0.265824509760903,4.16664997996172,3.09108553259166e-05,0.00112865047654604
"159","FBgn0031424","chr2L","+","VGlut",1745.75880911607,-0.948165962541155,0.158408687118197,-5.98556796215146,2.15636057430064e-09,2.15293458086484e-07
"160","FBgn0031489","chr2L","-","CG17224",178.372791692691,-2.57253769858455,0.327405254041529,-7.85735007862226,3.92345168657136e-15,1.02229839921078e-12
"161","FBgn0031490","chr2L","+","CG17264",69.0016512608599,-3.56517591165882,0.55887086381387,-6.37924812778609,1.77959504978414e-10,2.34708813788197e-08
"162","FBgn0031645","chr2L","+","CG3036",2559.38309840937,-1.19524533955812,0.160866695955535,-7.43003598388382,1.0856814015294e-13,2.41631966927886e-11
"163","FBgn0031775","chr2L","-","CG9150",13.0037398855787,4.45730316601559,1.17936784335863,3.77940028729458,0.000157206530440112,0.00419859341172928
"164","FBgn0031808","chr2L","+","Nepl5",133.254515623555,1.60821991649683,0.313149994662654,5.13562172731093,2.81212788428527e-07,1.90139001188731e-05
"165","FBgn0031879","chr2L","-","uif",970.271679840405,1.2437868236105,0.175839043356959,7.07343943566373,1.51139904161928e-12,2.78384068303772e-10
"166","FBgn0031914","chr2L","+","CG5973",325.932339820974,-0.928095447227064,0.22688169914113,-4.09065804223262,4.3015097078597e-05,0.00146347223595749
"167","FBgn0031980","chr2L","-","RpL36A",571.860685305054,-0.717780785701806,0.196281684665381,-3.65689130356443,0.00025529257140648,0.00624093945156847
"168","FBgn0031999","chr2L","+","CG8419",80.5728121074133,-1.68341803201899,0.428213308576741,-3.9312604216207,8.45016772984235e-05,0.00249373320049464
"169","FBgn0032008","chr2L","+","CG14277",192.43936668689,-1.17257272850674,0.282676341414118,-4.14811060112362,3.35230447526061e-05,0.0012098874563922
"170","FBgn0032109","chr2L","+","CG17005",182.81611072074,3.65149721995135,0.344399054812598,10.6025181222936,2.90063069364135e-26,2.29405885961726e-23
"171","FBgn0032285","chr2L","-","CG17108",2707.39966020888,2.06595162534563,0.211988842053907,9.74556776351595,1.92698645346771e-22,9.80285537256932e-20
"172","FBgn0032287","chr2L","+","CG6415",203.723275061301,-1.10369841825872,0.268887581014968,-4.10468350413433,4.04868787099022e-05,0.00140429001707106
"173","FBgn0032336","chr2L","-","AstC",108.329996445104,-1.3936895407341,0.353744961280293,-3.93981453669329,8.15446249720491e-05,0.00244017150861737
"174","FBgn0032387","chr2L","+","CG16965",76.3903761656346,2.03358641040112,0.427643670377769,4.75532914728914,1.98123355103952e-06,0.000102616437127406
"175","FBgn0032470","chr2L","+","Ttc30",166.170234334616,2.19598876538357,0.324316024458516,6.77113864185414,1.27772755829509e-11,2.20160701697847e-09
"176","FBgn0032472","chr2L","-","CG9928",475.026578854773,1.2413400975623,0.231505992347993,5.36202145340734,8.22957632281693e-08,6.2352172947981e-06
"177","FBgn0032505","chr2L","+","CG16826",37.2070842355243,6.89705356764911,1.15536342852624,5.96959657659138,2.37840942873515e-09,2.33105944286033e-07
"178","FBgn0032513","chr2L","+","Stard7",151.403463279128,-1.08393348251958,0.302440044900361,-3.58396151831245,0.000338421967060798,0.00794585027277034
"179","FBgn0032582","chr2L","-","CG13258",64.0178448788657,-3.47429199397101,0.572090998578275,-6.07297091302801,1.2556520622507e-09,1.37236458866795e-07
"180","FBgn0032585","chr2L","+","Nepl8",14.7021537389853,-6.61567328957461,1.64682722386098,-4.01722366118298,5.88878275715795e-05,0.00188352892798558
"181","FBgn0032587","chr2L","-","CG5953",569.503086989141,-1.46541231957837,0.212404764581166,-6.89914994358986,5.23146307762049e-12,9.31462000970328e-10
"182","FBgn0032955","chr2L","-","CG2201",538.234351054939,-0.934674126643671,0.221007439025795,-4.22915233425506,2.34573476474471e-05,0.000882376214498863
"183","FBgn0032961","chr2L","+","CG1416",500.579471434483,-1.62876525337307,0.277090536414238,-5.87809773098183,4.15007889804395e-09,3.78934127075244e-07
"184","FBgn0032987","chr2L","-","RpL21",1324.35005410201,-0.663207137892352,0.164055705345586,-4.04257283521652,5.2867882578462e-05,0.00172575240049587
"185","FBgn0033067","chr2R","-","CG11211",153.133735247791,1.82703025047065,0.293562615443522,6.22364754350729,4.85727598015886e-10,5.96439991908473e-08
"186","FBgn0033153","chr2R","+","Gadd45",117.324247402601,-1.45739845154327,0.367046900872423,-3.97060552228944,7.16901950592407e-05,0.00219445946652684
"187","FBgn0033268","chr2R","-","Obp44a",567.40886673603,1.58120581739109,0.255241115995285,6.19494947444243,5.83037299917916e-10,7.07794031252624e-08
"188","FBgn0033320","chr2R","-","CG8586",601.771671380989,1.02578954652628,0.256664168761926,3.9966215443098,6.42528986538817e-05,0.00201294344961706
"189","FBgn0033321","chr2R","+","CG8738",96.1234210321281,1.60818996893259,0.390721615155616,4.11594830322372,3.85590732481787e-05,0.0013461652925173
"190","FBgn0033339","chr2R","+","Sec31",711.809260245734,0.882356423458894,0.182791243421821,4.82712632695817,1.3851726219034e-06,7.62773150504846e-05
"191","FBgn0033395","chr2R","+","Cyp4p2",119.211846471107,3.14650803282741,0.359158090522375,8.76078839892203,1.93889465994369e-18,7.14248677661325e-16
"192","FBgn0033453","chr2R","+","Sting",74.0543832912605,-2.24387948919888,0.461823110555617,-4.8587423147778,1.18133765450284e-06,6.71288838460312e-05
"193","FBgn0033518","chr2R","+","Prx6c",45.4512137183525,2.38108583024326,0.533750383989338,4.46104752646102,8.155999833247e-06,0.000349921872363766
"194","FBgn0033543","chr2R","-","Daao1",225.662287690938,-1.10651791877171,0.291727711227999,-3.79298186694,0.000148849029799793,0.0040552111171561
"195","FBgn0033593","chr2R","-","Listericin",224.876628294138,1.30461652172819,0.337723281042061,3.86297479315827,0.000112014570066192,0.00319797105722721
"196","FBgn0033728","chr2R","+","Cpr49Ae",228.433224127968,1.29721469517751,0.248920090434676,5.21137001401635,1.87451160447608e-07,1.3088501614783e-05
"197","FBgn0033730","chr2R","+","Cpr49Ag",87.3108688681598,4.44304025946009,0.467419518425224,9.50546582742002,1.99154643049759e-21,9.67076841682078e-19
"198","FBgn0033782","chr2R","+","sug",212.069864009021,1.58318132882706,0.306305481361384,5.16863531723483,2.35809522339793e-07,1.61484174817693e-05
"199","FBgn0033926","chr2R","-","Arc1",5837.33319102389,1.78835574530631,0.15671091802195,11.4118133431891,3.65038933237335e-30,3.24975910314538e-27
"200","FBgn0033927","chr2R","-","CR10102",252.941515906691,1.69199199521241,0.259679311629052,6.51569809161152,7.23523696492e-11,1.05882241775672e-08
"201","FBgn0033936","chr2R","+","Achl",359.307178298819,-1.81046976690492,0.269005175388862,-6.73024139512477,1.69381840472518e-11,2.87223206629827e-09
"202","FBgn0034165","chr2R","+","CG6435",26.9051387665926,2.97868857007653,0.671254650021107,4.43749413130005,9.10122025497043e-06,0.000387363888381869
"203","FBgn0034215","chr2R","+","Mtap",184.674972980709,-1.10541594202133,0.27887701826814,-3.96381153558689,7.37624936655259e-05,0.00225097183445256
"204","FBgn0034229","chr2R","+","CtsK2",596.694536591992,0.951852522555671,0.189600371567911,5.02030937325845,5.1588324541471e-07,3.26105367500908e-05
"205","FBgn0034312","chr2R","+","CG10916",215.566957394302,-2.40772500278394,0.294649504809768,-8.1714883734097,3.04607865735439e-16,9.57095832250497e-14
"206","FBgn0034314","chr2R","+","nopo",34.8449741585148,-2.75481785710865,0.683967468650939,-4.02770304637773,5.63244194212222e-05,0.00181239088155698
"207","FBgn0034407","chr2R","+","DptB",662.305599400304,6.27204196323234,1.04558781322266,5.99857982650063,1.99050663556558e-09,2.02519832264258e-07
"208","FBgn0034432","chr2R","+","Acadvl",827.66464239005,-0.856428049505913,0.189596729557128,-4.51710349385463,6.26912692262789e-06,0.000276748276505924
"209","FBgn0034470","chr2R","-","Obp56d",988.872978645077,1.28609010628692,0.187946751117612,6.8428429788718,7.7636737016225e-12,1.3596610844989e-09
"210","FBgn0034480","chr2R","-","CG16898",90.0715537482402,-2.0176322250593,0.439534469241583,-4.59038452329058,4.42430179544045e-06,0.000202853287899958
"211","FBgn0034583","chr2R","-","CG10527",56.2564861526785,3.36202103609072,0.51472385107751,6.53169855846539,6.50279366957053e-11,9.78441475662281e-09
"212","FBgn0034628","chr2R","+","Acox57D-p",322.355561854392,-1.15078697813552,0.289377934910723,-3.97676131903613,6.9860221509582e-05,0.00215076872157598
"213","FBgn0034885","chr2R","-","Eglp4",783.506336685703,1.1613046261686,0.241584907146827,4.80702474291078,1.53193037281906e-06,8.06187791764828e-05
"214","FBgn0034935","chr2R","-","Orcokinin",120.363228597615,-1.35289723958506,0.337644122872084,-4.00687335552292,6.15278324008573e-05,0.0019409100233457
"215","FBgn0034985","chr2R","+","CG3328",610.969867489076,0.889270133965167,0.204041894265203,4.3582722909313,1.31093221738693e-05,0.000528735349671854
"216","FBgn0035041","chr2R","-","CG13594",352.845435935168,1.15187816038518,0.215092857925316,5.3552599165572,8.54335170903649e-08,6.42736804983358e-06
"217","FBgn0035076","chr2R","-","Ance-5",122.37790893796,-2.32123519058691,0.384601682950095,-6.03542650354994,1.58543377418573e-09,1.67694940689367e-07
"218","FBgn0035090","chr2R","-","CG2736",611.218652725345,0.822421519998029,0.214650729996533,3.83144059193889,0.000127395137406948,0.00360042924052494
"219","FBgn0035094","chr2R","-","CG9380",73.0158743436468,-1.63375892600293,0.42497277174039,-3.84438494568063,0.000120855169521776,0.00342465723077224
"220","FBgn0035173","chr3L","-","CG13907",647.7592867916,0.674928281084229,0.184321374264828,3.6616929738952,0.000250554026086669,0.00615326128892848
"221","FBgn0035207","chr3L","+","Herc4",1349.79482660823,-0.730865608935071,0.189061798197363,-3.86574980193573,0.000110748428266051,0.0031804447827049
"222","FBgn0035348","chr3L","-","CG16758",1084.43774589967,-0.709338354489542,0.19154414985666,-3.70326295540933,0.000212844060087762,0.00531264741569523
"223","FBgn0035476","chr3L","-","CG12766",8.11747145676936,7.18940548563882,1.8152817697136,3.96049010439471,7.47960926738281e-05,0.00227001891487076
"224","FBgn0035553","chr3L","-","CG13722",18.8175088541131,3.40012685533157,0.829102732967818,4.10097171331306,4.11418854739179e-05,0.00140871398242905
"225","FBgn0035583","chr3L","+","hoka",20.7442588346346,3.71419296682073,0.848626451965119,4.37671128235512,1.20483398106116e-05,0.000493151012248137
"226","FBgn0035789","chr3L","+","mthl6",21.416236003675,5.53368875390342,1.0963422257882,5.04741003651941,4.47839531715787e-07,2.89955740443622e-05
"227","FBgn0035791","chr3L","-","CG8539",176.427501814165,2.29898595638423,0.299178895113873,7.68431862651673,1.53813416309702e-14,3.73451983281033e-12
"228","FBgn0035793","chr3L","+","CG7546",574.67030848299,0.789393710977261,0.19840056804779,3.97878755461584,6.9267599554508e-05,0.00213868718508904
"229","FBgn0035918","chr3L","-","Cdc6",112.975090338355,1.88012653923198,0.402914331546318,4.66631835114024,3.06644483779887e-06,0.000149353320718675
"230","FBgn0035921","chr3L","-","CG13305",232.442521710094,1.0257497723792,0.285382575534362,3.59429713064487,0.000325268470809431,0.0077218734970159
"231","FBgn0035985","chr3L","+","Cpr67B",427.171866654765,-1.14106690911877,0.211428094008639,-5.3969502703465,6.77831654370752e-08,5.28560260119908e-06
"232","FBgn0036007","chr3L","-","path",1632.07327110749,-1.02779536631052,0.15822507412802,-6.49578059593088,8.26039694498957e-11,1.16112921793847e-08
"233","FBgn0036022","chr3L","+","CG8329",1946.44357506244,1.27741903617669,0.163218860985183,7.82641802832247,5.01966338208232e-15,1.24709450955315e-12
"234","FBgn0036046","chr3L","+","Ilp2",118.207959387821,1.224960004027,0.345929482625772,3.54106852855952,0.000398510059535298,0.00919499560694512
"235","FBgn0036106","chr3L","-","CG6409",1597.18492163856,0.845074053702463,0.208601467657868,4.05114145739611,5.09683809833921e-05,0.00168844892105343
"236","FBgn0036316","chr3L","-","nebu",1117.84740878214,-0.746422115939454,0.176282120605848,-4.23424742891761,2.29318352428511e-05,0.000865656522612645
"237","FBgn0036334","chr3L","+","CG11267",236.508681699806,-1.55971340869614,0.273208093615773,-5.70888434546031,1.13719130027285e-08,9.79726988775388e-07
"238","FBgn0036449","chr3L","-","bmm",1072.23843147819,-0.845125058336241,0.174653055973596,-4.83887930632034,1.30573305713788e-06,7.22753691678964e-05
"239","FBgn0036505","chr3L","-","CG7945",340.446658597548,-1.02554508200063,0.255249518850687,-4.01781396736166,5.87405414966056e-05,0.00188352892798558
"240","FBgn0036549","chr3L","+","CG10516",77.5310047335345,1.76110472020685,0.398380827333173,4.42065631520466,9.84015732363042e-06,0.000417152383683904
"241","FBgn0036597","chr3L","-","CG4962",148.410119712221,2.06538231086317,0.308662568782833,6.69139221839468,2.21057289335008e-11,3.68992972182171e-09
"242","FBgn0036619","chr3L","-","Cpr72Ec",347.367165666018,2.73257889886638,0.226805656625057,12.0481073511484,1.98454460268198e-33,2.12008899904516e-30
"243","FBgn0036620","chr3L","+","CG4842",177.755852365245,-1.28031712390651,0.342521601964273,-3.73791643085931,0.000185551596775021,0.00474221939796066
"244","FBgn0036680","chr3L","-","Cpr73D",216.704084781743,1.54770558796681,0.269066596143405,5.75212832120536,8.81268646980854e-09,7.84549412974706e-07
"245","FBgn0036732","chr3L","+","Oatp74D",344.106331363519,0.944401496979853,0.230184149050124,4.10280855948166,4.0816496878346e-05,0.00140679540632007
"246","FBgn0036816","chr3L","-","Indy",684.91471872475,-0.863015234352377,0.184512513370375,-4.67727211877511,2.90716359974962e-06,0.00014378346637095
"247","FBgn0036836","chr3L","-","CG11619",108.072893587565,-1.55590976073518,0.376658682857112,-4.13082143476147,3.61469283314893e-05,0.00129149710824515
"248","FBgn0036837","chr3L","-","CG18135",2272.76639311183,0.728295850823941,0.151017081244031,4.82260579283133,1.41694832944022e-06,7.64508030475247e-05
"249","FBgn0036881","chr3L","+","Cpr76Bd",45.7544263754052,-2.21724345515034,0.585737097166293,-3.78539017910429,0.000153467597282057,0.00413741914350726
"250","FBgn0036910","chr3L","-","Cyp305a1",79.6691257077784,2.40937192076566,0.401526909298019,6.00052416157592,1.96681580713904e-09,2.02033589112177e-07
"251","FBgn0036921","chr3L","+","RhoGDI",285.059098592421,-0.933810293740319,0.243938316035644,-3.8280591131238,0.000129157740249378,0.0036406125041797
"252","FBgn0036927","chr3L","-","Gabat",493.660762457635,0.771115092396164,0.195811650825869,3.93804499958942,8.2148190870926e-05,0.00245136626557012
"253","FBgn0036945","chr3L","+","Ssk",119.42611500128,-1.72267112982563,0.358845563748849,-4.80059196449008,1.58197306413092e-06,8.28442070789737e-05
"254","FBgn0036997","chr3L","+","Tdh",286.73900186973,-1.66899805412662,0.306991877175657,-5.43661959228857,5.4300897458939e-08,4.32907826532721e-06
"255","FBgn0037176","chr3L","+","CG14456",20.6392260701056,8.52944528151911,1.60082019811831,5.32817195306823,9.92061809383945e-08,7.30910090320599e-06
"256","FBgn0037288","chr3R","-","Jhbp3",402.669857476274,0.933436654599037,0.226754644088186,4.1165051254078,3.84660779531487e-05,0.0013461652925173
"257","FBgn0037414","chr3R","+","Osi7",22.7730246132471,-4.8525325393874,1.2336155540752,-3.93358572965235,8.36879711058557e-05,0.00247656120588326
"258","FBgn0037416","chr3R","+","Osi9",29.0037208771898,-5.19657394559981,1.19237630558872,-4.3581660598615,1.31156854500647e-05,0.000528735349671854
"259","FBgn0037548","chr3R","+","CG7900",50.7272586525638,2.01338664069862,0.502246073546463,4.00876531792809,6.10370366113539e-05,0.00193489217246022
"260","FBgn0037643","chr3R","+","ScsbetaA",1702.06180346321,-0.780273180535387,0.16768104328604,-4.65331778264494,3.26636257173565e-06,0.000157893897528742
"261","FBgn0037662","chr3R","+","CG11997",180.962512173554,-4.30988082531826,0.406624351299122,-10.5991704912621,3.00634878167571e-26,2.29405885961726e-23
"262","FBgn0037758","chr3R","-","CG9467",520.879531552286,0.755728281028115,0.194188932645514,3.89171653982812,9.95374964150837e-05,0.00288956270163679
"263","FBgn0037897","chr3R","+","Sptz",515.244838756542,1.07602216697944,0.195694153412752,5.49848908725409,3.83059241354149e-08,3.19704834014561e-06
"264","FBgn0037955","chr3R","-","Kyat",303.574010591646,-0.954715835824829,0.235365375087816,-4.05631387143762,4.98532558194298e-05,0.00166431978724678
"265","FBgn0038083","chr3R","-","Ugt37A3",20.5153184272084,6.01433660792796,1.23764225744062,4.85951135860963,1.1767583110252e-06,6.71288838460312e-05
"266","FBgn0038145","chr3R","+","Droj2",1711.54224466908,-0.943603318054796,0.174210744036616,-5.4164473223102,6.07948910002278e-08,4.81090237448469e-06
"267","FBgn0038147","chr3R","-","CCHa2",139.450900069149,1.86721681886752,0.310570174693077,6.01222194215144,1.82997544903823e-09,1.91663016883092e-07
"268","FBgn0038160","chr3R","-","CG9759",89.7026605229697,-1.56210097195639,0.410447161719911,-3.80585156298966,0.000141317122050362,0.00391111610068398
"269","FBgn0038280","chr3R","+","CG14861",12.6938876353546,-6.40436031181138,1.67820648659302,-3.81619327715333,0.000135526360081528,0.00377038568945562
"270","FBgn0038290","chr3R","-","CG6912",301.722377284036,-1.03705532886413,0.236111075655616,-4.39223499357036,1.12191339545004e-05,0.000468179718890341
"271","FBgn0038301","chr3R","-","CG6654",221.361020081238,2.08702723603983,0.263314797198409,7.92597779633039,2.26358039599421e-15,6.31828417163278e-13
"272","FBgn0038530","chr3R","+","AttD",65.851328771152,7.77324803692816,1.19391671706654,6.51071211736367,7.47953673314246e-11,1.06538521226881e-08
"273","FBgn0038542","chr3R","-","TyrR",125.863736615106,-1.26159373811764,0.34674713200065,-3.63836819886164,0.000274370980613497,0.00664649702016776
"274","FBgn0038695","chr3R","+","CG14280",17.7120203243732,-6.88022984327143,1.6229328119405,-4.23938057857423,2.2413739113582e-05,0.000849099201951762
"275","FBgn0038795","chr3R","-","Tmlh",164.688838667255,-1.13610285558995,0.297490844950046,-3.81895064966022,0.000134020568670303,0.00374801501336348
"276","FBgn0038914","chr3R","-","fit",578.195345017332,5.76974590890611,0.905528253408989,6.37169065369864,1.86955692477766e-10,2.40632248522888e-08
"277","FBgn0039151","chr3R","-","CG13607",617.61194922849,1.713710233474,0.213941919008709,8.01016575626885,1.14553941980216e-15,3.30751287074228e-13
"278","FBgn0039152","chr3R","+","Root",172.072754704089,3.04656740694385,0.307244379596539,9.9157791297744,3.55472060798012e-23,1.89875401275258e-20
"279","FBgn0039300","chr3R","-","RpS27",1333.05618360813,-0.655823383389568,0.161901066133592,-4.05076630470374,5.10501733127639e-05,0.00168844892105343
"280","FBgn0039312","chr3R","-","CG10514",20.9990552333569,2.68243759918853,0.74625847268955,3.59451543581261,0.000324995877869077,0.0077218734970159
"281","FBgn0039332","chr3R","-","alrm",168.196507548459,1.07877690251385,0.284247909838001,3.79519730902741,0.000147526084238324,0.0040307446494067
"282","FBgn0039415","chr3R","+","CG6142",53.5053090900555,3.40279004903882,0.566245450061521,6.00939053668178,1.86222046913558e-09,1.93146614289082e-07
"283","FBgn0039459","chr3R","+","IntS12",45.5149972745254,-2.23761465741415,0.55307143330585,-4.04579684045395,5.21454422664144e-05,0.00171406079917571
"284","FBgn0039485","chr3R","+","Jhbp11",34.1516004403759,2.15323411138084,0.593751209544715,3.62649216838132,0.000287297528755998,0.00692821557494431
"285","FBgn0039543","chr3R","-","CROT",289.588149122447,-0.922972291634855,0.235231062628553,-3.9236837232347,8.72052051328449e-05,0.00255937694075325
"286","FBgn0039629","chr3R","+","CG11842",190.926805012185,-1.44294885572757,0.29462973155664,-4.89749913596271,9.70640609845645e-07,5.66631346173826e-05
"287","FBgn0039678","chr3R","+","Obp99a",201.518459609133,5.70358391229306,0.933035641758114,6.11293251514575,9.78167434608549e-10,1.09997502146559e-07
"288","FBgn0039682","chr3R","-","Obp99c",1714.23740694189,1.10376438502459,0.205472013585076,5.37184780431217,7.7933874956436e-08,5.94691132971147e-06
"289","FBgn0039703","chr3R","-","CG7829",242.028195158679,1.59554517779828,0.295440890835893,5.40055634575156,6.64345400381198e-08,5.21853081784731e-06
"290","FBgn0039709","chr3R","+","Cad99C",305.560307677782,0.931979502683824,0.225813521565496,4.12720857556579,3.67193322864235e-05,0.00129462913140549
"291","FBgn0039755","chr3R","-","CG15531",17.5357847274879,3.60482881491336,0.928157489220601,3.88385468713982,0.000102813368366429,0.00297037660245607
"292","FBgn0039809","chr3R","-","CG15547",94.1804787206959,-1.85768970213037,0.385725382172734,-4.81609400881602,1.46395573723112e-06,7.81971957042e-05
"293","FBgn0039897","chr4","+","CG1674",282.482461307948,-1.0706650799898,0.259276531213329,-4.12943306121629,3.63658858876136e-05,0.00129462913140549
"294","FBgn0040007","chr2R","-","RpL38",605.772286372065,-1.41472500116078,0.194821228975059,-7.26165730810523,3.82375959814171e-13,7.85561995902844e-11
"295","FBgn0040022","chr3L","+","Set1",688.89325385328,-0.677490088775741,0.192343539881609,-3.52229188041746,0.00042783281635868,0.0097870192230402
"296","FBgn0040074","chr3L","+","retinin",2432.28865469501,-1.6020989966388,0.161191887098692,-9.93907959932186,2.8141520822442e-23,1.58229403655867e-20
"297","FBgn0040256","chr3R","-","Ugt35C1",133.435429230851,-3.1116723812544,0.426392728977193,-7.2976675486904,2.92799006291199e-13,6.23811400554538e-11
"298","FBgn0040349","chrX","-","CG3699",128.959358260196,1.342728620125,0.338158400896942,3.97070904216339,7.16590496169509e-05,0.00219445946652684
"299","FBgn0040357","chrX","+","CG14624",18.3504077045393,-4.53178851948284,1.27026282605226,-3.56759910353891,0.000360267138425967,0.00840334899520655
"300","FBgn0040361","chrX","+","CG14627",12.4056346361314,-6.37224200721645,1.68926549913205,-3.77219685744517,0.000161816505462102,0.0042683598218559
"301","FBgn0040398","chrX","+","CG14629",1319.77483566935,1.18357572378956,0.220105307275988,5.37731569691543,7.56045401763738e-08,5.85277755582755e-06
"302","FBgn0040502","chr2R","+","CG8343",3186.7771397426,1.41898354389498,0.179082311108358,7.92363877321412,2.30659068326948e-15,6.31828417163278e-13
"303","FBgn0040532","chr3R","+","CG8369",480.67615883067,1.27925014223343,0.241965128669107,5.28691943863877,1.24393389153345e-07,8.88640057169195e-06
"304","FBgn0040606","chr3R","-","CG6503",930.517573706248,1.30727900336523,0.24533933350707,5.32845257496208,9.90530533180661e-08,7.30910090320599e-06
"305","FBgn0040653","chr2R","-","Dso1",1304.26432519488,0.902019283579671,0.255034061114292,3.53685809510532,0.00040491716355708,0.00930264528662426
"306","FBgn0040732","chr2R","-","CG16926",341.823085256469,3.1155282390847,0.233773465921768,13.3271251585383,1.60982474319485e-40,2.14971971644382e-37
"307","FBgn0040733","chr2R","-","BomS6",412.973622271194,-0.945622633446555,0.244824732825998,-3.86244732111534,0.000112256776791183,0.00319797105722721
"308","FBgn0040827","chr3L","+","CG13315",1015.17181344266,1.00986532469624,0.212397347770818,4.75460421373015,1.98835556354704e-06,0.000102616437127406
"309","FBgn0040985","chr2L","-","osi",260.029315700477,-0.999466966104229,0.24552983206489,-4.07065389040011,4.68813591378379e-05,0.00158491632806811
"310","FBgn0041096","chr3L","-","rols",186.176149649227,1.16397950216711,0.308211245712558,3.77656402340573,0.000159006701054529,0.00421505852944302
"311","FBgn0041182","chr2L","-","Tep2",1854.75127990841,0.930638110672438,0.185262503299302,5.0233484601519,5.07782931648384e-07,3.24746678420226e-05
"312","FBgn0041194","chr3L","-","Prat2",726.891404785105,-0.75450786953122,0.183920467930073,-4.10235944929242,4.08958283224438e-05,0.00140679540632007
"313","FBgn0041579","chr2R","+","AttC",2528.78917793467,7.15568175265757,0.856250326071171,8.3569974045917,6.43347151519523e-17,2.14777425615096e-14
"314","FBgn0041581","chr2R","+","AttB",358.847265280776,3.4310379603738,0.831857694146986,4.12454916810272,3.7146163663694e-05,0.00130536995532646
"315","FBgn0041630","chr3L","+","Hexo1",270.92279212734,0.986913471650689,0.237352282957685,4.15801128749469,3.21030164990001e-05,0.00116256449240277
"316","FBgn0042135","chr2R","-","Gdap2",1398.86942774015,-0.625629444551123,0.16735308463431,-3.73838011960287,0.00018520977095997,0.00474221939796066
"317","FBgn0042175","chr2L","-","CG18858",79.9410152255611,1.4719591697436,0.394651290486672,3.7297715862741,0.000191653430389647,0.00486326270036247
"318","FBgn0043575","chr2R","+","PGRP-SC2",255.082676225319,6.89997194868398,1.17362082719958,5.87921736626662,4.1221077949793e-09,3.78934127075244e-07
"319","FBgn0043578","chr3L","-","PGRP-SB1",575.546412763072,4.04726442590016,0.824648683581125,4.90786501753023,9.20731858689581e-07,5.40449365185758e-05
"320","FBgn0043791","chr3R","+","phu",93.0547507801031,5.93953122497664,0.595648009938764,9.9715454863809,2.03044402636095e-23,1.20506852964522e-20
"321","FBgn0043792","chr2R","-","CG30427",74.713880428106,1.40314053626883,0.391048191998408,3.58815247066669,0.000333029525715246,0.00785376252365558
"322","FBgn0043841","chr2L","-","vir-1",2280.20856924474,-0.658097448575904,0.159436337789612,-4.12765030669679,3.66488875475251e-05,0.00129462913140549
"323","FBgn0043853","chr3R","-","scaRNA:MeU5-C46",1437.38434187041,-0.743917215046482,0.180181261342978,-4.12871576934088,3.64795013197566e-05,0.00129462913140549
"324","FBgn0044048","chr3L","-","Ilp5",23.4439607560026,2.71873753249176,0.72255130103481,3.76269135298503,0.000168094603669459,0.00439667427175652
"325","FBgn0046696","chr3R","-","RNaseP:RNA",7465.83184731562,-1.72238456375613,0.185708160046888,-9.27468433977942,1.78145748920247e-20,7.92971264881248e-18
"326","FBgn0050295","chr2R","+","Ipk1",196.287023763173,-1.03002706990088,0.27161519369198,-3.79222920448611,0.000149301016487026,0.0040552111171561
"327","FBgn0050431","chr2R","+","CG30431",113.068245036872,1.59449546035062,0.344250670170655,4.63178607483955,3.62524635858989e-06,0.000172126697105848
"328","FBgn0050489","chr2R","-","Cyp12d1-p",36.860237281031,2.23210967250071,0.567025183035987,3.93652652347725,8.26694870117659e-05,0.00246005050068717
"329","FBgn0051104","chr3R","+","CG31104",19.4844346817214,3.54649247598685,0.831533939695549,4.26500026840195,1.99901961496856e-05,0.000768184408155006
"330","FBgn0051157","chr3R","+","CG31157",28.1752770288598,-7.549929737769,1.56521378865332,-4.82357732375001,1.41006066667577e-06,7.64508030475247e-05
"331","FBgn0051221","chr3R","+","CG31221",1843.61406545361,-0.653996734419001,0.181891919269777,-3.59552385309109,0.000323739461697046,0.00771988542256595
"332","FBgn0051313","chr3R","-","CG31313",156.001649936839,1.49847800644891,0.320502764145859,4.67539807477903,2.93383964419846e-06,0.000144434142483743
"333","FBgn0051354","chr3R","+","Hsp70Bbb",152.144912851958,-3.72721015387925,0.42773085721057,-8.71391458214191,2.9355760337995e-18,1.01163737964774e-15
"334","FBgn0051431","chr3R","+","CG31431",48.8768721685724,3.06283148162032,0.520505535046389,5.88433988765816,3.99645806889438e-09,3.74510189035076e-07
"335","FBgn0051676","chr2L","+","CG31676",72.1011014586261,2.62606728818933,0.428485892838695,6.12871352844729,8.85924736476907e-10,1.0287319521503e-07
"336","FBgn0051864","chr2L","+","Qtzl",23.3268660017036,3.389483924401,0.91682649032894,3.69697424774988,0.000218184465637611,0.00543325092402471
"337","FBgn0051973","chr2L","-","Cda5",630.468328930721,0.869894891765489,0.201567150426604,4.31565803219629,1.59128161560789e-05,0.000621792852053585
"338","FBgn0052017","chr4","-","CG32017",992.665226199662,-0.696382297771039,0.171602603959257,-4.05811031828152,4.94713984992644e-05,0.00165674906008665
"339","FBgn0052103","chr3L","-","SCaMC",1483.70701721036,-0.817066130916467,0.191377738330625,-4.26938962725591,1.96008612771307e-05,0.000755942241962407
"340","FBgn0052185","chr3L","+","edin",167.306885854189,5.75114414824979,0.474697807832279,12.1153796233283,8.75577884422805e-34,1.03931094880987e-30
"341","FBgn0052237","chr3L","-","CG32237",16.4397142922089,3.91717676911063,0.954936226321407,4.10202970747097,4.09541674965405e-05,0.00140679540632007
"342","FBgn0052412","chr3L","-","QC",76.6006177873855,1.50420742612344,0.395485258514043,3.80344752109144,0.000142696233683143,0.00393907975306724
"343","FBgn0052425","chr3L","+","CG32425",565.217632658538,0.887478801618771,0.199595789266468,4.44638038147164,8.73292582649791e-06,0.000373175386417909
"344","FBgn0052581","chrX","-","sordd2",202.754124293194,-1.83133711305341,0.279972801914703,-6.54112506832487,6.10577418082856e-11,9.31828365339879e-09
"345","FBgn0052865","chr3R","-","lncRNA:alphagamma-element:CR32865",32.7735040168692,-4.05315427263127,0.880678663760183,-4.6023077876393,4.17835114471575e-06,0.000193235174367958
"346","FBgn0053080","chrX","-","CG33080",434.90216043851,0.861733666763809,0.209675732671862,4.1098397787044,3.95933736244345e-05,0.00137777202094408
"347","FBgn0053087","chr2R","+","LRP1",3091.03359710362,0.592963497882641,0.158853118447497,3.73277845394407,0.000189379155999104,0.00482269280397013
"348","FBgn0053208","chr3R","-","Mical",3841.99341570689,0.859278297602069,0.156972995559553,5.47405172806346,4.39860575824481e-08,3.64265932676972e-06
"349","FBgn0053519","chr2R","-","Obsc",1778.75919514518,0.851960800103539,0.184248987289333,4.62396462872099,3.76474091447689e-06,0.000177754983507508
"350","FBgn0053978","chr4","-","CG33978",353.486819095513,-1.04907219597549,0.244807089703391,-4.28530152965158,1.8249150290668e-05,0.000708929718382568
"351","FBgn0058045","chr3L","+","CG40045",191.971056249404,-1.01984677702367,0.279910559612881,-3.64347375259488,0.000268983093123244,0.00653078723599003
"352","FBgn0058470","chr3L","-","CG40470",79.4972153365872,-1.72349520048433,0.431972064259136,-3.98983022997159,6.61206041086847e-05,0.00204743888026979
"353","FBgn0061356","chr2R","+","Hao",377.445325706042,-1.35984944824634,0.22423308423146,-6.06444607809376,1.32409191051969e-09,1.41452738800818e-07
"354","FBgn0064912","chr3R","+","CG31178",17.4267959453748,8.30074994850556,1.6383565388647,5.06651009813625,4.05175266479202e-07,2.67190578506007e-05
"355","FBgn0065064","chr3R","+","snoRNA:Psi28S-291",2680.44556531228,-0.827287017986183,0.174199448936292,-4.74907942038746,2.04344688322753e-06,0.000104952610834229
"356","FBgn0065099","chr3R","-","snRNA:7SKa",18407.9192310744,-0.566820032771993,0.14425190034349,-3.92937653800257,8.51663900971755e-05,0.00250642574492597
"357","FBgn0066084","chr2R","-","RpL41",1739.25190179214,-1.08156299841912,0.188686952450439,-5.73204974892585,9.92241579989711e-09,8.68862032707384e-07
"358","FBgn0066365","chr3L","-","dyl",28.373161401378,-4.15944862260191,0.943963929788323,-4.40636394182417,1.05120285655792e-05,0.000442125988842844
"359","FBgn0082957","chr3R","+","snoRNA:Psi28S-3405d",89.5063161259343,-1.57576426925772,0.418563061748096,-3.76469978663827,0.000166749300880952,0.0043768618705435
"360","FBgn0083003","chr2R","+","snoRNA:Psi28S-1175c",50.2355169528468,-2.5042657132857,0.561283057339891,-4.46168057370955,8.13193805275721e-06,0.000349921872363766
"361","FBgn0083013","chrX","-","snoRNA:Psi28S-1060",321.344990425584,-1.10150418713518,0.272416762304439,-4.04345231114743,5.26698730239832e-05,0.00172575240049587
"362","FBgn0083014","chr3L","-","snoRNA:Psi18S-996",290.799117862292,-1.34110963603935,0.294295159245821,-4.55702241068509,5.18838901247906e-06,0.000232888906808041
"363","FBgn0083027","chrX","-","snoRNA:Psi18S-531",165.692207407477,-1.62146446345739,0.324677528719719,-4.99407664537551,5.91179182469393e-07,3.6506168822662e-05
"364","FBgn0083040","chrX","-","snoRNA:Psi18S-1854c",126.539393411724,-1.31700673692018,0.340810651566849,-3.86433560942228,0.000111391979418461,0.0031903499091888
"365","FBgn0083048","chr3R","-","snoRNA:Psi18S-1377d",163.513042592437,-2.31939092350149,0.350904948962469,-6.60974127141637,3.84992283469672e-11,6.0483420063331e-09
"366","FBgn0083050","chr3R","-","snoRNA:Psi18S-1377b",67.759844660868,-1.60449213448262,0.43649933964761,-3.6758180110374,0.000237088497546284,0.00584946055262575
"367","FBgn0083057","chr3L","-","snoRNA:Psi18S-110",961.67048474296,-0.888569240139559,0.239922021636454,-3.70357516195816,0.000212582157508395,0.00531264741569523
"368","FBgn0083058","chr3L","-","snoRNA:Psi18S-1086",135.055746195337,-1.339909521371,0.350523911717582,-3.82259091770769,0.000132056763386772,0.00370278846000232
"369","FBgn0085195","chr2L","+","CG34166",790.127455374263,2.08110660013548,0.256281633816707,8.12038915603253,4.64691213814079e-16,1.37897117699328e-13
"370","FBgn0085276","chr3L","-","CG34247",23.0908506351163,-3.85947662678047,0.988372818242272,-3.9048793689452,9.42723980796668e-05,0.00274417446508196
"371","FBgn0085356","chrX","-","CG34327",24.3863489432772,5.34086306821936,0.994138341018117,5.37235397515166,7.77153588429469e-08,5.94691132971147e-06
"372","FBgn0085446","chrX","+","CG34417",4538.16356173402,0.660421934210329,0.174786914507853,3.77844037163695,0.000157813628564063,0.00420429674301716
"373","FBgn0085582","chr2R","-","lncRNA:CR41257",15.7688736735112,6.67996119262684,1.59955922236394,4.17612620979093,2.96515345479866e-05,0.00109988660963938
"374","FBgn0085771","chrX","+","28SrRNA-Psi:CR40741",370.565492403642,1.60405128199749,0.260281654134611,6.1627519900727,7.14914334499379e-10,8.39278003896359e-08
"375","FBgn0085813","chrX","+","18SrRNA-Psi:CR41602",452.76674563084,1.71683891895387,0.235332153079941,7.29538610208811,2.97803813800257e-13,6.23811400554538e-11
"376","FBgn0086348","chr3L","+","se",119.070130726112,1.75409551811831,0.349264810411438,5.02225092774724,5.10694018296339e-07,3.24746678420226e-05
"377","FBgn0086367","chrX","-","t",708.637909904669,-0.671232278823069,0.185961401766696,-3.60952473172463,0.000306758527344746,0.0073642726912897
"378","FBgn0086659","chr2R","-","snoRNA:Psi18S-176",703.104487785588,-1.23024622355032,0.262119402566215,-4.69345730039784,2.68626080366431e-06,0.000134729221434487
"379","FBgn0086661","chr3L","-","snoRNA:Psi28S-2566",1258.75600138854,-0.872475189148034,0.186251816821674,-4.68438485077104,2.80801972776447e-06,0.000140177919400504
"380","FBgn0086672","chr2R","+","snoRNA:Or-aca5",843.014738698445,-1.62604621699151,0.265462405245884,-6.12533520701505,9.04928879854293e-10,1.03950056166488e-07
"381","FBgn0086675","chrX","+","fne",1797.00933575634,-0.962889916382598,0.18214609709278,-5.28636040931545,1.24773947931648e-07,8.88640057169195e-06
"382","FBgn0086677","chr2R","-","jeb",1307.81415997897,-0.824028185748111,0.162603471191411,-5.06771583478741,4.02617857824618e-07,2.67153203424869e-05
"383","FBgn0086708","chr3L","+","stv",2937.67025443498,-1.00963684551983,0.226309600054836,-4.46130807210649,8.14608840589226e-06,0.000349921872363766
"384","FBgn0087002","chr4","+","apolpp",34152.1435551483,0.842516983446176,0.154322628368079,5.45945200879205,4.776064104232e-08,3.86535551708413e-06
"385","FBgn0087005","chr3R","-","rtp",1030.20552377777,-0.797241921110516,0.197726252956386,-4.03204890190464,5.52926776911822e-05,0.00178456699629879
"386","FBgn0087012","chr3R","+","5-HT2A",835.407207111318,-0.710156112196055,0.190263838419227,-3.73248073883224,0.000189603199257461,0.00482269280397013
"387","FBgn0250786","chr2L","-","Chd1",1029.65044198313,-0.823999039023592,0.171146347545107,-4.81458734494128,1.47504376823764e-06,7.83974755028988e-05
"388","FBgn0250819","chr4","+","CG33521",166.58701950786,-1.68644132823072,0.342594454634157,-4.92255874378237,8.54199113305683e-07,5.06967173746923e-05
"389","FBgn0250833","chr3L","+","CG34461",27.2436739142679,-2.88262170653682,0.766286613118539,-3.76180616650144,0.000168690761131035,0.00439667427175652
"390","FBgn0250848","chr3L","+","CtsK1",419.024221666746,1.14895752057571,0.247043592024624,4.6508290749804,3.30603254276821e-06,0.000159091647091859
"391","FBgn0259175","chr3L","+","ome",310.251770866763,1.14278912833423,0.225687961386734,5.06358035808552,4.11454827900197e-07,2.69666989353239e-05
"392","FBgn0259216","chr4","+","RhoGAP102A",221.512593589868,-1.14845720794557,0.261662500567223,-4.38907831827635,1.13832072432461e-05,0.000473178221710497
"393","FBgn0259226","chr2R","-","CG42326",122.423977121502,1.34787353993356,0.333905554830208,4.03669097574301,5.42103992843631e-05,0.00175493847137834
"394","FBgn0259682","chr2R","-","Jabba",480.358692602656,0.740254258134479,0.196817203788954,3.76112577500211,0.000169150344069263,0.00439667427175652
"395","FBgn0259713","chr2L","+","CG42367",38.7164764565135,-4.02894657520035,0.805401268118211,-5.00240902850057,5.66183018844182e-07,3.51658906413512e-05
"396","FBgn0259716","chr2L","-","Nepl6",145.833268501508,1.5654863602081,0.302258328909499,5.17929932933901,2.22720850695206e-07,1.53504957933992e-05
"397","FBgn0259918","chrX","-","inaF-B",806.383599993495,-0.860392041052546,0.180422088351582,-4.76877331879637,1.85351076970576e-06,9.65905148915444e-05
"398","FBgn0259985","chr2R","-","Mppe",458.224166888228,-0.779435556914136,0.209829066562392,-3.71462147586865,0.000203508091947868,0.00511547516771546
"399","FBgn0260474","chr2R","+","CG30002",44.7854577992185,2.70767081616683,0.572904516668489,4.72621656382161,2.28741695971584e-06,0.000116160163269575
"400","FBgn0260635","chr3L","-","Diap1",1214.85524965087,-0.826810921131359,0.191529650181214,-4.3168821138089,1.58248618444778e-05,0.000621533084869692
"401","FBgn0260746","chr3R","+","Ect3",260.63704930042,1.65694622270897,0.299875335845197,5.52545016094396,3.28641863424827e-08,2.76447324958065e-06
"402","FBgn0260793","chr3R","-","2mit",1026.1599584837,-0.760775830800134,0.176302559547038,-4.31517178624487,1.59478836902258e-05,0.000621792852053585
"403","FBgn0261341","chr3L","-","verm",130.112135056279,1.16606185943394,0.319299408281406,3.65193867946746,0.000260268040442194,0.00633358422789056
"404","FBgn0261504","chr3R","-","7SLRNA:CR42652",9616.78846483029,1.02815495978462,0.154986738064175,6.63382540097653,3.27096721575321e-11,5.29450647968054e-09
"405","FBgn0261575","chr3R","-","tobi",317.056315980152,5.31511141606478,0.358076785196263,14.8434962438337,7.66544711667029e-50,2.04724928868472e-46
"406","FBgn0261588","chr2R","+","pdm3",952.895163374501,0.687322394410989,0.173698288900431,3.95699001275127,7.59001028238491e-05,0.00229051073013328
"407","FBgn0261599","chr3R","+","RpS29",2313.62771586788,-0.753290381780753,0.156110836147831,-4.82535614034772,1.39753310904383e-06,7.64508030475247e-05
"408","FBgn0261788","chr3L","-","Ank2",12897.9109015804,-0.650337172033333,0.149213675389248,-4.35842874546734,1.30999558584412e-05,0.000528735349671854
"409","FBgn0261808","chr3R","+","cu",427.631170290969,-0.997530509465353,0.234434791605847,-4.25504466565054,2.09007288321253e-05,0.000797437450405696
"410","FBgn0262477","chr3R","-","FoxP",479.261105922594,-1.07710589655986,0.209376099412376,-5.14435935898512,2.68435262369548e-07,1.82655662923177e-05
"411","FBgn0262579","chr3L","+","Sarm",3769.41190025305,0.589082495875401,0.158978772184726,3.70541606140292,0.00021104401406134,0.00529244883149599
"412","FBgn0262732","chr3L","+","mbf1",445.961610979385,-1.14439582482054,0.282819295665333,-4.0463852444309,5.20146053632095e-05,0.00171406079917571
"413","FBgn0262738","chrX","+","norpA",9006.63793668336,-0.754666821532322,0.148595027596875,-5.07868152613872,3.80063187662041e-07,2.53763439612099e-05
"414","FBgn0262782","chr2L","-","Mdh1",1934.36777331255,-0.77340500887174,0.182032322231845,-4.24872352002792,2.1499206332108e-05,0.000817352388775478
"415","FBgn0262870","chr3L","-","axo",813.370238434408,1.16949250452891,0.183435700563688,6.37549016322951,1.82378696157112e-10,2.37603855005661e-08
"416","FBgn0263077","chr2R","+","M7BP",6441.85813592904,-0.576430786678485,0.160136718264931,-3.59961658340491,0.000318686730998513,0.00761639898715238
"417","FBgn0263106","chr3L","-","DnaJ-1",3516.11142533428,-1.30366374524405,0.201638978742853,-6.4653359849962,1.01073979672548e-10,1.38432477543824e-08
"418","FBgn0263111","chrX","-","cac",3575.61203961634,-0.557409536439493,0.150994009005068,-3.69160034965881,0.000222847439297659,0.00552361761952875
"419","FBgn0263459","chr2R","-","snoRNA:2R:9445410",120.63395650506,-1.68801637134329,0.350926526070953,-4.81017035173337,1.50801717310475e-06,7.9753205248901e-05
"420","FBgn0263472","chr2R","-","snoRNA:2R:9445205",214.148902944632,-2.35774409048966,0.325361854740257,-7.24652892199638,4.27587907304668e-13,8.61872002591653e-11
"421","FBgn0263476","chr3L","+","snoRNA:CG32479-b",306.041325311005,-0.982447568029887,0.23705234785699,-4.14443297824911,3.40655566621952e-05,0.0012253277502432
"422","FBgn0263659","chr2R","+","lncRNA:CR43650",307.592068755786,0.912899375109906,0.228638282986153,3.99276692943496,6.53067519603892e-05,0.00203402924546017
"423","FBgn0264294","chr2R","+","Cyt-b5",467.859940722795,-0.992387757133079,0.210002138513844,-4.72560786359638,2.29428011325285e-06,0.000116160163269575
"424","FBgn0264541","chr2R","-","CG43920",73.0810750010289,4.89272254479802,0.599196269207771,8.16547564834967,3.20171124525161e-16,9.77253749514943e-14
"425","FBgn0264602","chr3L","+","lncRNA:CR43951",157.630898817142,-1.26984276887235,0.326966982000159,-3.88370336694039,0.000102877407367663,0.00297037660245607
"426","FBgn0264821","chr4","+","asRNA:CR44029",517.373474318382,-0.880756116022232,0.219512233102112,-4.01233272321786,6.01216797489132e-05,0.00191154733558821
"427","FBgn0265048","chr3R","-","cv-d",733.505696157052,0.677264714942791,0.19103449858107,3.54524821418776,0.000392243529679739,0.00906999486486722
"428","FBgn0265101","chr3R","-","Sgt1",139.181657240942,-1.34410869413549,0.335470810381577,-4.0066338189205,6.15902366296164e-05,0.0019409100233457
"429","FBgn0265487","chr2R","+","mbl",4025.04238094389,-0.746190274477225,0.150553001723358,-4.95632943837517,7.18373719750183e-07,4.3358115525939e-05
"430","FBgn0265577","chr2R","+","IBIN",66.806603382584,4.11487986832448,0.630812143433071,6.52314625068892,6.88476708234128e-11,1.02152731584239e-08
"431","FBgn0265730","chr3L","+","lncRNA:CR44537",13.5200016799961,-6.49255954987441,1.66186355800712,-3.9067945852668,9.35285991695967e-05,0.00272996181674536
"432","FBgn0265873","chrX","-","lncRNA:CR44662",36.1007698541149,-2.30130935846589,0.640506937538617,-3.59294993323493,0.000326955427658283,0.00774471138286793
"433","FBgn0266084","chr3L","+","Fhos",814.870540789378,1.26172293753255,0.176437788860609,7.15109243705921,8.60899906470445e-13,1.67218067287705e-10
"434","FBgn0266204","chr2L","-","lncRNA:CR44899",55.8703286175205,-4.528848537673,0.731512622759958,-6.19107366949582,5.97557707337371e-10,7.17270672751139e-08
"435","FBgn0266227","chr3R","+","lncRNA:CR44922",295.256340137663,-1.38659262519018,0.270685027658997,-5.12253166413393,3.01460452095113e-07,2.02547296209566e-05
"436","FBgn0266347","chr3L","+","nAChRalpha4",479.231305736732,-0.758628247336313,0.200710825013036,-3.77970768286684,0.000157012583378657,0.00419859341172928
"437","FBgn0266376","chrX","+","lncRNA:CR45018",50.7585477437104,-1.93447752877939,0.515831725206352,-3.75021045478645,0.000176686218052574,0.00457031202773764
"438","FBgn0266405","chr3R","+","CG45045",85.8110790381512,5.79706656086445,0.635960425641801,9.11545172801302,7.83434111603281e-20,3.21901023625302e-17
"439","FBgn0266410","chr3R","+","drn",1818.96717394592,-0.779041766188003,0.160965690892308,-4.83980009571861,1.29969796156328e-06,7.22753691678964e-05
"440","FBgn0266455","chr3R","-","CG45080",10.5216707443422,7.5528867602644,1.73721907284924,4.34768814037759,1.37580039412052e-05,0.000546381992951283
"441","FBgn0266599","chr3R","+","Hsc70-4",15368.3430199391,-1.00666325714978,0.160594327204424,-6.26836124708423,3.64867536468941e-10,4.53241847918336e-08
"442","FBgn0266805","chr2R","+","lncRNA:CR45267",27.4898565350856,2.57887309006056,0.650707943727449,3.96318058649785,7.39577940553073e-05,0.00225097183445256
"443","FBgn0266854","chr2R","+","CR45315",81.5900861102707,-9.08503390358899,1.49158274485334,-6.09086819684434,1.12299981979048e-09,1.24968823696059e-07
"444","FBgn0266953","chr3L","+","lncRNA:CR45404",10.3650601734273,-6.10886587876666,1.72282979960479,-3.54583249034118,0.000391374906303172,0.00906999486486722
"445","FBgn0267003","chr2L","+","lncRNA:CR45447",36.3778776892839,2.36368561432849,0.640087756604725,3.6927524233027,0.00022183996663794,0.00551143340370492
"446","FBgn0267012","chr2L","+","lncRNA:CR45456",62.7031031742185,2.84478763584242,0.464714786343012,6.12157762017635,9.26533640359057e-10,1.05299562552721e-07
"447","FBgn0267013","chr2L","+","lncRNA:CR45457",44.8231663294602,3.61819626584095,0.605572325681633,5.97483754193739,2.30319586627529e-09,2.27824457772397e-07
"448","FBgn0267252","chr2L","+","Ggamma30A",8684.8859026086,-0.66353472759621,0.16572870731204,-4.00374044037454,6.23487704199517e-05,0.00195903504234219
"449","FBgn0267350","chrX","+","Pi4KIIIalpha",2402.91349651075,0.610724114270156,0.149966598380686,4.07240092703743,4.6530994487987e-05,0.00157806544163544
"450","FBgn0267385","chr3R","+","Pyk",2759.05797929563,0.645750757480401,0.155185043503363,4.16116619812274,3.16626546028388e-05,0.00115051748000723
"451","FBgn0267390","chr3L","+","dop",1805.7215661628,0.749619133487214,0.154806432817308,4.84229963732749,1.28345027555167e-06,7.17858601765368e-05
"452","FBgn0267408","chr3R","-","AOX1",868.608171931979,1.33056646968312,0.200889791531996,6.62336527673283,3.51111936251595e-11,5.59840121638177e-09
"453","FBgn0267511","chrrDNA","+","28SrRNA-Psi:CR45851",2362.55908183604,1.13462744762986,0.218608308975051,5.19023020190579,2.10034250324878e-07,1.45701032222122e-05
"454","FBgn0267519","chrX","+","28SrRNA-Psi:CR45859",179.755418658763,1.4443605102071,0.361498037777133,3.99548644603588,6.45615509768005e-05,0.00201669897393321
"455","FBgn0267578","chr2R","-","lncRNA:CR45918",27.7251516786325,-2.90997300441276,0.765341976075123,-3.80218659812164,0.000143424637269317,0.003948982989557
"456","FBgn0267910","chrX","-","lncRNA:CR34335",1779.94266294436,-1.06806125144903,0.18002517200945,-5.93284394358454,2.97731816183132e-09,2.86546756061658e-07
"457","FBgn0267936","chr3L","+","lncRNA:CR46216",20.1413741210484,-4.66809347985631,1.23899202429343,-3.76765418043624,0.000164788765340535,0.00433605512348015
"458","FBgn0283461","chr3L","+","Drs",494.740874207723,6.97417335496854,1.18587144991711,5.8810534273812,4.07663539097982e-09,3.78701703320325e-07
"459","FBgn0283499","chr3R","-","InR",1212.66401945708,-0.80486459840134,0.164849497740944,-4.88242068936211,1.04791391971762e-06,6.08416543714313e-05
"460","FBgn0283680","chrX","+","IP3K2",886.215232297773,-0.689551800394177,0.1833278276925,-3.76130459337999,0.000169029443948685,0.00439667427175652
"461","FBgn0284247","chr2L","-","ds",250.523393082708,0.924543664643291,0.244942356032375,3.77453568920963,0.000160305958236797,0.00423898156396955
"462","FBgn0284435","chrX","+","tyn",127.0723672571,-1.89918208815826,0.358402089825658,-5.29902626706809,1.16421886555186e-07,8.460782408633e-06
"463","FBgn0286516","chr3R","-","aqz",5414.5101396571,-0.674899312400402,0.155121131781067,-4.35078899084449,1.35648543928526e-05,0.000542746589808404
"464","FBgn0286723","chr2L","+","hll",216.959762240586,-3.47809916017563,0.347957754621218,-9.99575124848657,1.59076418004354e-23,9.99654925612068e-21
"465","FBgn0287184","chr3L","-","FASN3",61.2133320248696,-2.13169563307667,0.490152414517984,-4.34904648010962,1.3673073327108e-05,0.000545035232662292
"466","FBgn0287423","chr3L","+","Nplp2",3927.23396362336,1.53567175779408,0.171890401695111,8.93401692386505,4.10814466081344e-19,1.62545590412852e-16
"467","FBgn0288310","chr3L","-","mv",2182.04088667837,0.646827784284761,0.15909346644917,4.06570928851702,4.78865983123545e-05,0.00160871864707825
